threshold,precision,recall,f2,false_positive_count,false_negative_count,model
0.2,0.5714285714285714,1.0,0.8695652173913043,30,0,TF-IDF + Logistic Regression
0.21,0.5714285714285714,1.0,0.8695652173913043,30,0,TF-IDF + Logistic Regression
0.22,0.5714285714285714,1.0,0.8695652173913043,30,0,TF-IDF + Logistic Regression
0.23,0.5714285714285714,1.0,0.8695652173913043,30,0,TF-IDF + Logistic Regression
0.24,0.5714285714285714,1.0,0.8695652173913043,30,0,TF-IDF + Logistic Regression
0.25,0.5714285714285714,1.0,0.8695652173913043,30,0,TF-IDF + Logistic Regression
0.26,0.5714285714285714,1.0,0.8695652173913043,30,0,TF-IDF + Logistic Regression
0.27,0.5714285714285714,1.0,0.8695652173913043,30,0,TF-IDF + Logistic Regression
0.28,0.5714285714285714,1.0,0.8695652173913043,30,0,TF-IDF + Logistic Regression
0.29,0.5714285714285714,1.0,0.8695652173913043,30,0,TF-IDF + Logistic Regression
0.3,0.5714285714285714,1.0,0.8695652173913043,30,0,TF-IDF + Logistic Regression
0.31,0.5714285714285714,1.0,0.8695652173913043,30,0,TF-IDF + Logistic Regression
0.32,0.5714285714285714,1.0,0.8695652173913043,30,0,TF-IDF + Logistic Regression
0.33,0.5714285714285714,1.0,0.8695652173913043,30,0,TF-IDF + Logistic Regression
0.34,0.5714285714285714,1.0,0.8695652173913043,30,0,TF-IDF + Logistic Regression
0.35,0.5714285714285714,1.0,0.8695652173913043,30,0,TF-IDF + Logistic Regression
0.36,0.5714285714285714,1.0,0.8695652173913043,30,0,TF-IDF + Logistic Regression
0.37,0.5714285714285714,1.0,0.8695652173913043,30,0,TF-IDF + Logistic Regression
0.38,0.5714285714285714,1.0,0.8695652173913043,30,0,TF-IDF + Logistic Regression
0.39,0.5714285714285714,1.0,0.8695652173913043,30,0,TF-IDF + Logistic Regression
0.4,0.5714285714285714,1.0,0.8695652173913043,30,0,TF-IDF + Logistic Regression
0.41,0.5714285714285714,1.0,0.8695652173913043,30,0,TF-IDF + Logistic Regression
0.42,0.5652173913043478,0.975,0.851528384279476,30,1,TF-IDF + Logistic Regression
0.43,0.5652173913043478,0.975,0.851528384279476,30,1,TF-IDF + Logistic Regression
0.44,0.5652173913043478,0.975,0.851528384279476,30,1,TF-IDF + Logistic Regression
0.45,0.5652173913043478,0.975,0.851528384279476,30,1,TF-IDF + Logistic Regression
0.46,0.5909090909090909,0.975,0.8628318584070797,27,1,TF-IDF + Logistic Regression
0.47,0.6129032258064516,0.95,0.8558558558558559,24,2,TF-IDF + Logistic Regression
0.48,0.6229508196721312,0.95,0.8597285067873304,23,2,TF-IDF + Logistic Regression
0.49,0.6727272727272727,0.925,0.8604651162790697,18,3,TF-IDF + Logistic Regression
0.5,0.6521739130434783,0.75,0.7281553398058253,16,10,TF-IDF + Logistic Regression
0.51,0.7222222222222222,0.65,0.6632653061224489,10,14,TF-IDF + Logistic Regression
0.52,0.8571428571428571,0.6,0.6382978723404256,4,16,TF-IDF + Logistic Regression
0.53,0.8695652173913043,0.5,0.546448087431694,3,20,TF-IDF + Logistic Regression
0.54,0.8125,0.325,0.3693181818181818,3,27,TF-IDF + Logistic Regression
0.55,1.0,0.275,0.3216374269005848,0,29,TF-IDF + Logistic Regression
0.56,1.0,0.075,0.09202453987730061,0,37,TF-IDF + Logistic Regression
0.57,1.0,0.05,0.06172839506172839,0,38,TF-IDF + Logistic Regression
0.58,1.0,0.05,0.06172839506172839,0,38,TF-IDF + Logistic Regression
0.59,1.0,0.05,0.06172839506172839,0,38,TF-IDF + Logistic Regression
0.6,1.0,0.025,0.031055900621118012,0,39,TF-IDF + Logistic Regression
0.61,0.0,0.0,0.0,0,40,TF-IDF + Logistic Regression
0.62,0.0,0.0,0.0,0,40,TF-IDF + Logistic Regression
0.63,0.0,0.0,0.0,0,40,TF-IDF + Logistic Regression
0.64,0.0,0.0,0.0,0,40,TF-IDF + Logistic Regression
0.65,0.0,0.0,0.0,0,40,TF-IDF + Logistic Regression
0.66,0.0,0.0,0.0,0,40,TF-IDF + Logistic Regression
0.67,0.0,0.0,0.0,0,40,TF-IDF + Logistic Regression
0.68,0.0,0.0,0.0,0,40,TF-IDF + Logistic Regression
0.69,0.0,0.0,0.0,0,40,TF-IDF + Logistic Regression
0.7,0.0,0.0,0.0,0,40,TF-IDF + Logistic Regression
0.71,0.0,0.0,0.0,0,40,TF-IDF + Logistic Regression
0.72,0.0,0.0,0.0,0,40,TF-IDF + Logistic Regression
0.73,0.0,0.0,0.0,0,40,TF-IDF + Logistic Regression
0.74,0.0,0.0,0.0,0,40,TF-IDF + Logistic Regression
0.75,0.0,0.0,0.0,0,40,TF-IDF + Logistic Regression
0.76,0.0,0.0,0.0,0,40,TF-IDF + Logistic Regression
0.77,0.0,0.0,0.0,0,40,TF-IDF + Logistic Regression
0.78,0.0,0.0,0.0,0,40,TF-IDF + Logistic Regression
0.79,0.0,0.0,0.0,0,40,TF-IDF + Logistic Regression
0.8,0.0,0.0,0.0,0,40,TF-IDF + Logistic Regression
0.2,0.5714285714285714,1.0,0.8695652173913043,30,0,Transformer Embeddings + Logistic Regression
0.21,0.5714285714285714,1.0,0.8695652173913043,30,0,Transformer Embeddings + Logistic Regression
0.22,0.5714285714285714,1.0,0.8695652173913043,30,0,Transformer Embeddings + Logistic Regression
0.23,0.5714285714285714,1.0,0.8695652173913043,30,0,Transformer Embeddings + Logistic Regression
0.24,0.5714285714285714,1.0,0.8695652173913043,30,0,Transformer Embeddings + Logistic Regression
0.25,0.5714285714285714,1.0,0.8695652173913043,30,0,Transformer Embeddings + Logistic Regression
0.26,0.5714285714285714,1.0,0.8695652173913043,30,0,Transformer Embeddings + Logistic Regression
0.27,0.5882352941176471,1.0,0.8771929824561403,28,0,Transformer Embeddings + Logistic Regression
0.28,0.6060606060606061,1.0,0.8849557522123894,26,0,Transformer Embeddings + Logistic Regression
0.29,0.6153846153846154,1.0,0.8888888888888888,25,0,Transformer Embeddings + Logistic Regression
0.3,0.6153846153846154,1.0,0.8888888888888888,25,0,Transformer Embeddings + Logistic Regression
0.31,0.6153846153846154,1.0,0.8888888888888888,25,0,Transformer Embeddings + Logistic Regression
0.32,0.625,1.0,0.8928571428571429,24,0,Transformer Embeddings + Logistic Regression
0.33,0.6349206349206349,1.0,0.8968609865470852,23,0,Transformer Embeddings + Logistic Regression
0.34,0.6290322580645161,0.975,0.8783783783783784,23,1,Transformer Embeddings + Logistic Regression
0.35,0.6229508196721312,0.95,0.8597285067873304,23,2,Transformer Embeddings + Logistic Regression
0.36,0.6440677966101694,0.95,0.867579908675799,21,2,Transformer Embeddings + Logistic Regression
0.37,0.6666666666666666,0.95,0.8755760368663594,19,2,Transformer Embeddings + Logistic Regression
0.38,0.6666666666666666,0.95,0.8755760368663594,19,2,Transformer Embeddings + Logistic Regression
0.39,0.6727272727272727,0.925,0.8604651162790697,18,3,Transformer Embeddings + Logistic Regression
0.4,0.660377358490566,0.875,0.8215962441314554,18,5,Transformer Embeddings + Logistic Regression
0.41,0.660377358490566,0.875,0.8215962441314554,18,5,Transformer Embeddings + Logistic Regression
0.42,0.6862745098039216,0.875,0.8293838862559242,16,5,Transformer Embeddings + Logistic Regression
0.43,0.7,0.875,0.8333333333333334,15,5,Transformer Embeddings + Logistic Regression
0.44,0.6938775510204082,0.85,0.8133971291866029,15,6,Transformer Embeddings + Logistic Regression
0.45,0.7083333333333334,0.85,0.8173076923076923,14,6,Transformer Embeddings + Logistic Regression
0.46,0.7021276595744681,0.825,0.7971014492753623,14,7,Transformer Embeddings + Logistic Regression
0.47,0.7111111111111111,0.8,0.7804878048780488,13,8,Transformer Embeddings + Logistic Regression
0.48,0.7209302325581395,0.775,0.7635467980295566,12,9,Transformer Embeddings + Logistic Regression
0.49,0.75,0.75,0.75,10,10,Transformer Embeddings + Logistic Regression
0.5,0.7631578947368421,0.725,0.7323232323232324,9,11,Transformer Embeddings + Logistic Regression
0.51,0.7777777777777778,0.7,0.7142857142857143,8,12,Transformer Embeddings + Logistic Regression
0.52,0.7714285714285715,0.675,0.6923076923076923,8,13,Transformer Embeddings + Logistic Regression
0.53,0.7575757575757576,0.625,0.6476683937823834,8,15,Transformer Embeddings + Logistic Regression
0.54,0.75,0.6,0.625,8,16,Transformer Embeddings + Logistic Regression
0.55,0.75,0.6,0.625,8,16,Transformer Embeddings + Logistic Regression
0.56,0.7931034482758621,0.575,0.6084656084656085,6,17,Transformer Embeddings + Logistic Regression
0.57,0.7931034482758621,0.575,0.6084656084656085,6,17,Transformer Embeddings + Logistic Regression
0.58,0.7692307692307693,0.5,0.5376344086021505,6,20,Transformer Embeddings + Logistic Regression
0.59,0.76,0.475,0.5135135135135135,6,21,Transformer Embeddings + Logistic Regression
0.6,0.782608695652174,0.45,0.4918032786885246,5,22,Transformer Embeddings + Logistic Regression
0.61,0.75,0.375,0.4166666666666667,5,25,Transformer Embeddings + Logistic Regression
0.62,0.75,0.375,0.4166666666666667,5,25,Transformer Embeddings + Logistic Regression
0.63,0.7647058823529411,0.325,0.3672316384180791,4,27,Transformer Embeddings + Logistic Regression
0.64,0.7333333333333333,0.275,0.3142857142857143,4,29,Transformer Embeddings + Logistic Regression
0.65,0.7692307692307693,0.25,0.28901734104046245,3,30,Transformer Embeddings + Logistic Regression
0.66,0.75,0.225,0.2616279069767442,3,31,Transformer Embeddings + Logistic Regression
0.67,0.7272727272727273,0.2,0.23391812865497075,3,32,Transformer Embeddings + Logistic Regression
0.68,0.875,0.175,0.20833333333333334,1,33,Transformer Embeddings + Logistic Regression
0.69,0.875,0.175,0.20833333333333334,1,33,Transformer Embeddings + Logistic Regression
0.7,1.0,0.1,0.12195121951219512,0,36,Transformer Embeddings + Logistic Regression
0.71,1.0,0.025,0.031055900621118012,0,39,Transformer Embeddings + Logistic Regression
0.72,1.0,0.025,0.031055900621118012,0,39,Transformer Embeddings + Logistic Regression
0.73,1.0,0.025,0.031055900621118012,0,39,Transformer Embeddings + Logistic Regression
0.74,1.0,0.025,0.031055900621118012,0,39,Transformer Embeddings + Logistic Regression
0.75,1.0,0.025,0.031055900621118012,0,39,Transformer Embeddings + Logistic Regression
0.76,1.0,0.025,0.031055900621118012,0,39,Transformer Embeddings + Logistic Regression
0.77,0.0,0.0,0.0,0,40,Transformer Embeddings + Logistic Regression
0.78,0.0,0.0,0.0,0,40,Transformer Embeddings + Logistic Regression
0.79,0.0,0.0,0.0,0,40,Transformer Embeddings + Logistic Regression
0.8,0.0,0.0,0.0,0,40,Transformer Embeddings + Logistic Regression
0.2,0.5714285714285714,1.0,0.8695652173913043,30,0,Hybrid TF-IDF + Transformer
0.21,0.5714285714285714,1.0,0.8695652173913043,30,0,Hybrid TF-IDF + Transformer
0.22,0.5714285714285714,1.0,0.8695652173913043,30,0,Hybrid TF-IDF + Transformer
0.23,0.5714285714285714,1.0,0.8695652173913043,30,0,Hybrid TF-IDF + Transformer
0.24,0.5714285714285714,1.0,0.8695652173913043,30,0,Hybrid TF-IDF + Transformer
0.25,0.5714285714285714,1.0,0.8695652173913043,30,0,Hybrid TF-IDF + Transformer
0.26,0.5714285714285714,1.0,0.8695652173913043,30,0,Hybrid TF-IDF + Transformer
0.27,0.5714285714285714,1.0,0.8695652173913043,30,0,Hybrid TF-IDF + Transformer
0.28,0.5797101449275363,1.0,0.8733624454148472,29,0,Hybrid TF-IDF + Transformer
0.29,0.5970149253731343,1.0,0.8810572687224669,27,0,Hybrid TF-IDF + Transformer
0.3,0.6060606060606061,1.0,0.8849557522123894,26,0,Hybrid TF-IDF + Transformer
0.31,0.6153846153846154,1.0,0.8888888888888888,25,0,Hybrid TF-IDF + Transformer
0.32,0.6153846153846154,1.0,0.8888888888888888,25,0,Hybrid TF-IDF + Transformer
0.33,0.6153846153846154,1.0,0.8888888888888888,25,0,Hybrid TF-IDF + Transformer
0.34,0.625,1.0,0.8928571428571429,24,0,Hybrid TF-IDF + Transformer
0.35,0.6166666666666667,0.925,0.8409090909090909,23,3,Hybrid TF-IDF + Transformer
0.36,0.6166666666666667,0.925,0.8409090909090909,23,3,Hybrid TF-IDF + Transformer
0.37,0.6166666666666667,0.925,0.8409090909090909,23,3,Hybrid TF-IDF + Transformer
0.38,0.6491228070175439,0.925,0.8525345622119815,20,3,Hybrid TF-IDF + Transformer
0.39,0.6491228070175439,0.925,0.8525345622119815,20,3,Hybrid TF-IDF + Transformer
0.4,0.6607142857142857,0.925,0.8564814814814815,19,3,Hybrid TF-IDF + Transformer
0.41,0.6545454545454545,0.9,0.8372093023255814,19,4,Hybrid TF-IDF + Transformer
0.42,0.6481481481481481,0.875,0.8177570093457944,19,5,Hybrid TF-IDF + Transformer
0.43,0.660377358490566,0.875,0.8215962441314554,18,5,Hybrid TF-IDF + Transformer
0.44,0.7083333333333334,0.85,0.8173076923076923,14,6,Hybrid TF-IDF + Transformer
0.45,0.723404255319149,0.85,0.821256038647343,13,6,Hybrid TF-IDF + Transformer
0.46,0.723404255319149,0.85,0.821256038647343,13,6,Hybrid TF-IDF + Transformer
0.47,0.7391304347826086,0.85,0.8252427184466019,12,6,Hybrid TF-IDF + Transformer
0.48,0.7391304347826086,0.85,0.8252427184466019,12,6,Hybrid TF-IDF + Transformer
0.49,0.75,0.825,0.8088235294117647,11,7,Hybrid TF-IDF + Transformer
0.5,0.7631578947368421,0.725,0.7323232323232324,9,11,Hybrid TF-IDF + Transformer
0.51,0.7837837837837838,0.725,0.7360406091370558,8,11,Hybrid TF-IDF + Transformer
0.52,0.7777777777777778,0.7,0.7142857142857143,8,12,Hybrid TF-IDF + Transformer
0.53,0.7941176470588235,0.675,0.6958762886597938,7,13,Hybrid TF-IDF + Transformer
0.54,0.7878787878787878,0.65,0.6735751295336787,7,14,Hybrid TF-IDF + Transformer
0.55,0.7878787878787878,0.65,0.6735751295336787,7,14,Hybrid TF-IDF + Transformer
0.56,0.8,0.6,0.631578947368421,6,16,Hybrid TF-IDF + Transformer
0.57,0.8076923076923077,0.525,0.5645161290322581,5,19,Hybrid TF-IDF + Transformer
0.58,0.8076923076923077,0.525,0.5645161290322581,5,19,Hybrid TF-IDF + Transformer
0.59,0.782608695652174,0.45,0.4918032786885246,5,22,Hybrid TF-IDF + Transformer
0.6,0.782608695652174,0.45,0.4918032786885246,5,22,Hybrid TF-IDF + Transformer
0.61,0.8181818181818182,0.45,0.4945054945054945,4,22,Hybrid TF-IDF + Transformer
0.62,0.8181818181818182,0.45,0.4945054945054945,4,22,Hybrid TF-IDF + Transformer
0.63,0.8095238095238095,0.425,0.4696132596685083,4,23,Hybrid TF-IDF + Transformer
0.64,0.8,0.4,0.4444444444444444,4,24,Hybrid TF-IDF + Transformer
0.65,0.7857142857142857,0.275,0.3160919540229885,3,29,Hybrid TF-IDF + Transformer
0.66,0.8181818181818182,0.225,0.2631578947368421,2,31,Hybrid TF-IDF + Transformer
0.67,0.8888888888888888,0.2,0.23668639053254437,1,32,Hybrid TF-IDF + Transformer
0.68,1.0,0.175,0.20958083832335328,0,33,Hybrid TF-IDF + Transformer
0.69,1.0,0.175,0.20958083832335328,0,33,Hybrid TF-IDF + Transformer
0.7,1.0,0.15,0.18072289156626506,0,34,Hybrid TF-IDF + Transformer
0.71,1.0,0.125,0.15151515151515152,0,35,Hybrid TF-IDF + Transformer
0.72,1.0,0.1,0.12195121951219512,0,36,Hybrid TF-IDF + Transformer
0.73,1.0,0.05,0.06172839506172839,0,38,Hybrid TF-IDF + Transformer
0.74,1.0,0.025,0.031055900621118012,0,39,Hybrid TF-IDF + Transformer
0.75,1.0,0.025,0.031055900621118012,0,39,Hybrid TF-IDF + Transformer
0.76,1.0,0.025,0.031055900621118012,0,39,Hybrid TF-IDF + Transformer
0.77,1.0,0.025,0.031055900621118012,0,39,Hybrid TF-IDF + Transformer
0.78,0.0,0.0,0.0,0,40,Hybrid TF-IDF + Transformer
0.79,0.0,0.0,0.0,0,40,Hybrid TF-IDF + Transformer
0.8,0.0,0.0,0.0,0,40,Hybrid TF-IDF + Transformer
