report_id,hazards_human,hazards_extracted,hazards_evidence,hazards_human_present,hazards_extracted_present,hazards_evidence_present,hazards_token_overlap,hazards_token_recall,hazards_jaccard,hazards_audit_hint,exposures_human,exposures_extracted,exposures_evidence,exposures_human_present,exposures_extracted_present,exposures_evidence_present,exposures_token_overlap,exposures_token_recall,exposures_jaccard,exposures_audit_hint,consequences_human,consequences_extracted,consequences_evidence,consequences_human_present,consequences_extracted_present,consequences_evidence_present,consequences_token_overlap,consequences_token_recall,consequences_jaccard,consequences_audit_hint,barriers_human,barriers_extracted,barriers_evidence,barriers_human_present,barriers_extracted_present,barriers_evidence_present,barriers_token_overlap,barriers_token_recall,barriers_jaccard,barriers_audit_hint
industrial_safety_000013,"Electrical energy / arc flash while operating an energized 440 V, 400 A electrical installation.",Electrical energy,"440V and 400A, and when lifting the thermomagnetic key This makes phase to ground - phase contact with the panel",True,True,True,2,0.2857142857142857,0.2857142857142857,PARTIAL_COVERAGE,,Direct worker exposure,reaches the operator,False,True,True,0,,,POSSIBLE_FALSE_POSITIVE,"Fatality or life-altering injury, including severe thermal burns, electric shock/electrocution, cardiac arrest, or secondary injuries.",Electrical injury,flash which reaches the operator,True,True,True,0,0.0,0.0,LOW_SEMANTIC_OVERLAP,"Failed/inadequate electrical isolation and energization controls. The lock was removed and the panel was opened before energization, exposing the operator to hazardous electrical energy. Controls such as verified de-energization, lockout/tagout, absence-of-voltage testing, appropriate panel protection, and arc-flash PPE appear to have been ineffective or not followed.",,,True,False,False,0,0.0,0.0,MISSED_CATEGORY
industrial_safety_000025,Sharp blade / localized mechanical energy.,Mechanical / moving equipment energy,"blade was detached, the blade was released",True,True,True,2,0.4,0.2857142857142857,PARTIAL_COVERAGE,Right hand directly exposed to the blade while manually removing the zinc sheet.,Body part contact,grazing the collaborator's right hand,True,True,True,0,0.0,0.0,LOW_SEMANTIC_OVERLAP,Minor cuts/lacerations to the hand or fingers.,Cut / laceration; Struck-by injury,grazing the collaborator's right hand || small cuts,True,True,True,0,0.0,0.0,LOW_SEMANTIC_OVERLAP,"Leather gloves were being used, providing some hand protection, although the blade still contacted the hand.",,,True,False,False,0,0.0,0.0,MISSED_CATEGORY
industrial_safety_000033,Mobile equipment movement / crushing and struck-by energy.,,,True,False,False,0,0.0,0.0,MISSED_CATEGORY,Worker was directly within the pinch/crush zone between the moving Mixkret and the excavation wall.,Caught-between / pinch exposure,imprisoned between,True,True,True,1,0.1,0.08333333333333333,PARTIAL_COVERAGE,"Crushing, multiple fractures, internal injuries, amputation, or fatality.",Crushing / amputation; Serious / potentially serious injury,imprisoned between || imprisoned,True,True,True,2,0.2857142857142857,0.2222222222222222,PARTIAL_COVERAGE,Inadequate exclusion-zone and communication controls around mobile equipment movement allowed a person to remain in the line of fire/crush zone.,,,True,False,False,0,0.0,0.0,MISSED_CATEGORY
industrial_safety_000034,Mechanical contact / minor impact energy from the pipe flange.,,,True,False,False,0,0.0,0.0,MISSED_CATEGORY,The employee's right thumb was exposed to the flange during the pipe-clearing activity.,,,True,False,False,0,0.0,0.0,MISSED_CATEGORY,"Minor injury, such as bruising or a minor contusion. A SIF-level consequence is not reasonably evident from the narrative.",Minor injury / irritation,little trauma,True,True,True,1,0.1111111111111111,0.1,PARTIAL_COVERAGE,Hand positioning and task technique controls could be improved to prevent contact with the flange during manual pipe clearing.,,,True,False,False,0,0.0,0.0,MISSED_CATEGORY
industrial_safety_000072,Sharp cutter blade / manual-tool mechanical energy.,Mechanical / moving equipment energy,cutter blade,True,True,True,2,0.3333333333333333,0.25,PARTIAL_COVERAGE,Worker's forearm was directly exposed to the blade when the tightening key slipped.,,,True,False,False,0,0.0,0.0,MISSED_CATEGORY,"Localized laceration, blunt cut, or moderate forearm injury.",Cut / laceration; Struck-by injury,hit him || blunt cut,True,True,True,2,0.3333333333333333,0.2857142857142857,PARTIAL_COVERAGE,"Manual tool slipped during blade adjustment, indicating inadequate control of the tool/blade during the task.",,,True,False,False,0,0.0,0.0,MISSED_CATEGORY
industrial_safety_000074,Sharp-edge / puncture hazard from the protruding end of the electrowelded mesh.,,,True,False,False,0,0.0,0.0,MISSED_CATEGORY,The worker's right hand was directly exposed to the protruding mesh end while handling and pressing the mesh.,Direct worker exposure,causing an injury,True,True,True,0,0.0,0.0,LOW_SEMANTIC_OVERLAP,"Minor to moderate hand injury, such as puncture wounds, lacerations, or localized tissue damage. A SIF-level consequence is not reasonably evident from the narrative.",,,True,False,False,0,0.0,0.0,MISSED_CATEGORY,"Material-handling and hand-protection controls were inadequate or could be improved. Protruding mesh ends should be controlled/trimmed or otherwise protected, and task-appropriate cut/puncture-resistant gloves should be used.",,,True,False,False,0,0.0,0.0,MISSED_CATEGORY
industrial_safety_000075,Chemical energy / corrosive acid solution capable of causing tissue and eye damage.,,,True,False,False,0,0.0,0.0,MISSED_CATEGORY,The employee's right hemiface was directly exposed to the chemical splash while investigating the leak.,,,True,False,False,0,0.0,0.0,MISSED_CATEGORY,"Fatality or life-altering injury, including severe facial chemical burns, permanent eye damage/blindness, respiratory injury, or systemic effects depending on the substance.",Struck-by injury,was hit,True,True,True,0,0.0,0.0,LOW_SEMANTIC_OVERLAP,"Leak detection, containment, chemical isolation, and PPE controls were inadequate or ineffective. The employee was exposed to the leak while investigating it. Appropriate isolation/containment, remote leak assessment where feasible, exclusion from the splash zone, and chemical-resistant face/eye protection should prevent direct exposure.",,,True,False,False,0,0.0,0.0,MISSED_CATEGORY
industrial_safety_000076,Same-level slip/trip/loss of balance; low gravitational energy.,,,True,False,False,0,0.0,0.0,MISSED_CATEGORY,Employee was exposed while walking/working on the platform.,,,True,False,False,0,0.0,0.0,MISSED_CATEGORY,"Sprain, strain, or other minor-to-moderate musculoskeletal injury.",,,True,False,False,0,0.0,0.0,MISSED_CATEGORY,"Platform access/working surface allowed a loss of balance, but there is no evidence of a failed critical barrier associated with SIF exposure.",,,True,False,False,0,0.0,0.0,MISSED_CATEGORY
industrial_safety_000077,Chemical energy / corrosive acid solution associated with the process equipment.,,,True,False,False,0,0.0,0.0,MISSED_CATEGORY,The employee's legs were directly exposed to the spilled acid solution while transiting near the tank.,,,True,False,False,0,0.0,0.0,MISSED_CATEGORY,"Fatality or life-altering injury could result from a larger or more concentrated acid release, including severe chemical burns, permanent eye damage, respiratory injury, or systemic effects.",Burn / thermal injury,burns,True,True,True,0,0.0,0.0,LOW_SEMANTIC_OVERLAP,"Containment, leak/spill prevention, and pedestrian segregation controls were inadequate or ineffective. The employee's normal travel route placed him within the potential release zone of the process equipment.",,,True,False,False,0,0.0,0.0,MISSED_CATEGORY
industrial_safety_000082,Trip/slip hazard and low-level mechanical energy from loose rock on the walking surface.,,,True,False,False,0,0.0,0.0,MISSED_CATEGORY,The operator was walking while carrying the hose and stepped onto the loose rock.,Direct worker exposure,causing the injury,True,True,True,0,0.0,0.0,LOW_SEMANTIC_OVERLAP,"Minor to moderate injury, such as a sprain, strain, or fracture. A SIF-level consequence is not reasonably evident from the narrative.",,,True,False,False,0,0.0,0.0,MISSED_CATEGORY,Housekeeping and walking-route controls were inadequate or could be improved. Loose rocks should be removed and walking paths maintained clear of trip hazards.,,,True,False,False,0,0.0,0.0,MISSED_CATEGORY
industrial_safety_000095,Scaffold structural failure / fall energy.,,,True,False,False,0,0.0,0.0,MISSED_CATEGORY,Worker was directly exposed to a scaffold collapse/fall while dismantling it at approximately 1 m height.,,,True,False,False,0,0.0,0.0,MISSED_CATEGORY,"Serious impact injury, fracture, crush injury, or potentially more severe injury from scaffold collapse.",,,True,False,False,0,0.0,0.0,MISSED_CATEGORY,"Scaffold anchoring/support failed during dismantling, indicating inadequate structural integrity verification or control of the dismantling process.",,,True,False,False,0,0.0,0.0,MISSED_CATEGORY
industrial_safety_000100,Fall from height / gravitational energy.,,,True,False,False,0,0.0,0.0,MISSED_CATEGORY,Worker was directly exposed to an unprotected fall while working on the equipment cabin roof.,,,True,False,False,0,0.0,0.0,MISSED_CATEGORY,"Severe head or spinal injury, fractures, permanent disability, or fatality.",,,True,False,False,0,0.0,0.0,MISSED_CATEGORY,"Inadequate work-at-height/access controls; the worker used the equipment roof as a work surface without effective fall protection. The equipment was positioned and blocked, but this did not prevent the fall.",,,True,False,False,0,0.0,0.0,MISSED_CATEGORY
industrial_safety_000103,Fall from elevated position / gravitational energy.,,,True,False,False,0,0.0,0.0,MISSED_CATEGORY,Worker was exposed to a fall while positioned on a moving/unstable ladder at the crown.,,,True,False,False,0,0.0,0.0,MISSED_CATEGORY,"Severe head or spinal injury, fractures, permanent disability, or fatality.",,,True,False,False,0,0.0,0.0,MISSED_CATEGORY,"Ladder stability/access control was inadequate, as movement of the ladder directly contributed to the loss of balance and fall.",,,True,False,False,0,0.0,0.0,MISSED_CATEGORY
industrial_safety_000108,Uncontrolled ground/rock movement and gravity energy.,Ground / rockfall energy,rock block,True,True,True,2,0.3333333333333333,0.2857142857142857,PARTIAL_COVERAGE,Operator was exposed to unstable rock/ground while performing LHD cleaning in the gallery.,Direct worker exposure,causing him superficial injury,True,True,True,0,0.0,0.0,LOW_SEMANTIC_OVERLAP,"Serious struck-by injury, crushing, fractures, head injury, or fatality.",,,True,False,False,0,0.0,0.0,MISSED_CATEGORY,Ground support/ground-control measures were insufficient to prevent rock displacement into the operator's work area.,,,True,False,False,0,0.0,0.0,MISSED_CATEGORY
industrial_safety_000112,"sharp object (glass fragment), low kinetic/contact energy",,,True,False,False,0,0.0,0.0,MISSED_CATEGORY,"Direct hand/finger contact with broken glass while cleaning by touch/feel inside a sink, without visual awareness of the hazard (glass fragment hidden from view)",,,True,False,False,0,0.0,0.0,MISSED_CATEGORY,"Under a worse-case variation (larger/deeper glass shard, damage to tendons, nerves, or blood vessels in the hand, or subsequent infection), this could escalate to a more serious hand injury; however, life-threatening or permanently disabling outcomes are unlikely from this specific mechanism",,,True,False,False,0,0.0,0.0,MISSED_CATEGORY,"Weak/absent — no indication of cut-resistant gloves being worn, no prior inspection/removal of glass hazards from the sink before cleaning, and no visual check of the work area for hidden sharps",,,True,False,False,0,0.0,0.0,MISSED_CATEGORY
industrial_safety_000115,Mechanical crushing/pinch-point energy from the debarking machine and load.,,,True,False,False,0,0.0,0.0,MISSED_CATEGORY,Direct hand exposure to the machine/load during manual alignment.,,,True,False,False,0,0.0,0.0,MISSED_CATEGORY,"Severe crush injury, fracture, amputation, permanent disability, or fatality.",,,True,False,False,0,0.0,0.0,MISSED_CATEGORY,Inadequate control of the load/machine pinch point during manual alignment; the worker's hand was able to enter the hazardous zone.,,,True,False,False,0,0.0,0.0,MISSED_CATEGORY
industrial_safety_000119,Chemical energy / corrosive sulfuric acid under process conditions capable of causing severe tissue damage.,,,True,False,False,0,0.0,0.0,MISSED_CATEGORY,The employee was directly exposed to projected sulfuric acid while accessing the operating area.,,,True,False,False,0,0.0,0.0,MISSED_CATEGORY,"Fatality or life-altering injury, including severe chemical burns, permanent blindness, respiratory injury, or systemic effects from significant exposure.",,,True,False,False,0,0.0,0.0,MISSED_CATEGORY,"Chemical containment, process isolation, splash protection, and access-route controls were inadequate or ineffective. The employee could be exposed to acid while using the access ladder. Effective containment, shielding, leak control, safe access routing, and appropriate chemical-resistant PPE should prevent direct exposure.",,,True,False,False,0,0.0,0.0,MISSED_CATEGORY
industrial_safety_000135,Same-level fall / low gravitational energy.,,,True,False,False,0,0.0,0.0,MISSED_CATEGORY,Worker was exposed to a same-level fall after becoming dizzy and faint.,,,True,False,False,0,0.0,0.0,MISSED_CATEGORY,Minor head injury or concussion; more severe injury is not reasonably indicated by the described mechanism.,,,True,False,False,0,0.0,0.0,MISSED_CATEGORY,No specific failed safety barrier is described; the fall resulted from sudden dizziness/faintness.,,,True,False,False,0,0.0,0.0,MISSED_CATEGORY
industrial_safety_000136,"Mechanical/kinetic — loss of traction (tire skid) of a heavy fuel tanker on an underground ramp, followed by collision with a fixed structure (gable); additional latent hazard from the vehicle's fuel cargo (fire/spill potential, not confirmed to have materialized)",Mobile equipment / vehicle movement,tire skids and when the operator,True,True,True,1,0.038461538461538464,0.034482758620689655,PARTIAL_COVERAGE,"Both pilot and co-pilot present in the cabin throughout the skid, defensive maneuver, and collision with the gable; direct exposure to deceleration/impact forces from the crash",Direct worker exposure,causing the injury,True,True,True,2,0.11764705882352941,0.11764705882352941,PARTIAL_COVERAGE,"Under a worse-case variation of this same event (higher speed, full loss of control leading to rollover or the tanker striking the gable more directly/head-on, structural cabin intrusion, or fuel tank rupture/fire), this could plausibly result in severe crush injuries, burns, or fatality for either occupant — a hazard category with an inherently high severity ceiling given the vehicle type (fuel tanker) and setting (confined underground ramp)",,,True,False,False,0,0.0,0.0,MISSED_CATEGORY,"seatbelt, safety glasses, and helmet use by both occupants are explicitly confirmed and appear to have limited the injury severity from the collision itself; however, the underlying controls that should prevent skidding/loss of control on the ramp (e.g., speed management, ramp surface/grading maintenance, tire condition, driver training for defensive maneuvers in this specific terrain) were insufficient to prevent the initiating skid and subsequent collision",,,True,False,False,0,0.0,0.0,MISSED_CATEGORY
industrial_safety_000140,Electrical energy / arc-flash energy,Electrical energy,power cord,True,True,True,2,0.6666666666666666,0.6666666666666666,REASONABLE_LEXICAL_OVERLAP,Worker directly exposed to energized plug/socket and power cord while checking voltage.,,,True,False,False,0,0.0,0.0,MISSED_CATEGORY,"Severe burn, electric shock, electrocution, or fatality.",Burn / thermal injury,burn,True,True,True,1,0.16666666666666666,0.14285714285714285,PARTIAL_COVERAGE,"Protection system acted immediately, preventing escalation. However, the worker remained exposed to energized electrical equipment during the task.",,,True,False,False,0,0.0,0.0,MISSED_CATEGORY
industrial_safety_000145,"harp/broken glass edge (low kinetic energy, contact-type hazard)",,,True,False,False,0,0.0,0.0,MISSED_CATEGORY,"direct hand contact with glass labware during a manual washing task; the glassware broke while in-hand or in-contact, exposing the finger to the fractured edge",,,True,False,False,0,0.0,0.0,MISSED_CATEGORY,"Under a worse-case variation (deeper cut, damage to tendon/nerve/blood vessel, or a larger glass fragment causing a more severe laceration), this could result in a more serious hand injury requiring surgical repair; however, life-threatening or permanently disabling outcomes are unlikely from this specific mechanism",Cut / laceration,cut of the 5th finger of the right hand,True,True,True,2,0.06896551724137931,0.06896551724137931,PARTIAL_COVERAGE,"Weak/absent — no indication that cut-resistant gloves were worn during the glassware washing task, and no mention of an inspection process to identify weakened/cracked glassware before handling",,,True,False,False,0,0.0,0.0,MISSED_CATEGORY
industrial_safety_000166,Thermal energy and process pressure associated with hot pulp in the autoclave/transfer system.,,,True,False,False,0,0.0,0.0,MISSED_CATEGORY,Three employees were inside the room near the equipment when the rupture/release occurred and were directly reached by hot pulp.,,,True,False,False,0,0.0,0.0,MISSED_CATEGORY,"Fatality or life-altering injury, particularly severe thermal burns/scalding, potentially accompanied by impact injuries from the sudden process release.",,,True,False,False,0,0.0,0.0,MISSED_CATEGORY,"Process isolation and containment barriers failed or were insufficient. Although the feed was stopped and personnel initiated transfer-valve closure, the system subsequently ruptured/released hot pulp while employees remained in the exposure area. Effective isolation, pressure control/depressurization, leak-response procedures, exclusion zones, and remote operation should prevent personnel exposure to the release.",,,True,False,False,0,0.0,0.0,MISSED_CATEGORY
industrial_safety_000169,Unexpected movement of heavy mechanical equipment / crushing energy.,,,True,False,False,0,0.0,0.0,MISSED_CATEGORY,Electrician's left hand was directly within the drill-arm/pivot-support pinch point during equipment testing.,,,True,False,False,0,0.0,0.0,MISSED_CATEGORY,"Severe crush injury, fractures, amputation, permanent disability, or fatality.",,,True,False,False,0,0.0,0.0,MISSED_CATEGORY,Unexpected activation of the control lever and inadequate isolation/positioning controls allowed the drill arm to move while the worker's hand was in the hazardous zone.,,,True,False,False,0,0.0,0.0,MISSED_CATEGORY
industrial_safety_000187,"Chemical energy — corrosive/oxidizing hazardous substance (nitric acid), a Class A hazard capable of severe tissue damage",,,True,False,False,0,0.0,0.0,MISSED_CATEGORY,"Direct skin contact via clothing absorption; sleeve of PPE (coat) absorbed acid, which then reached the left forearm — indicates a control (PPE) was present but was breached or insufficient (permeable/absorbent fabric, no chemical-resistant sleeve or apron)",,,True,False,False,0,0.0,0.0,MISSED_CATEGORY,"Under marginally different conditions (higher concentration, larger volume, longer contact time before wash-off, contact with face/eyes, or delayed recognition since the acid soaked through fabric before reaching skin) this could result in severe chemical burns, permanent scarring, or greater bodily harm — meeting SIF severity criteria",Burn / thermal injury,burn,True,True,True,0,0.0,0.0,LOW_SEMANTIC_OVERLAP,"Weak/failed barrier — the coat (likely standard lab coat, not chemical-resistant) did not prevent acid penetration to skin. No indication of an apron, acid-resistant sleeve guards, or immediate emergency shower/eyewash use is mentioned. This represents a failed or absent engineering/PPE control for the energy level involved",,,True,False,False,0,0.0,0.0,MISSED_CATEGORY
industrial_safety_000190,"corrosive/toxic substance (ammonia refrigerant), with potential exothermic reaction when combined with water, plus inhalation hazard from vapor release",,,True,False,False,0,0.0,0.0,MISSED_CATEGORY,Direct facial splash contact with the ammonia-water solution during a manual draining/decanting task; likely concurrent inhalation exposure to ammonia fumes given proximity to the face,,,True,False,False,0,0.0,0.0,MISSED_CATEGORY,"Under a worse-case variation (higher ammonia concentration, larger splash volume, direct eye contact, or prolonged inhalation), this could result in permanent eye injury/blindness, severe chemical burns to the face, or respiratory tract damage — clearly meeting SIF severity criteria",,,True,False,False,0,0.0,0.0,MISSED_CATEGORY,"Weak/failed — no indication of face shield, chemical splash goggles, or respiratory protection being used during the draining task; also suggests inadequate procedure/engineering controls (e.g., no closed-system transfer, no fume extraction, no controlled-rate draining) for handling a hazardous refrigerant chemical",,,True,False,False,0,0.0,0.0,MISSED_CATEGORY
industrial_safety_000197,"manual cutting tool (knife), low kinetic energy, contact-type hazard",,,True,False,False,0,0.0,0.0,MISSED_CATEGORY,Direct hand contact with a knife blade during a routine manual food-cutting task; the injured hand was positioned near/holding the item being cut,,,True,False,False,0,0.0,0.0,MISSED_CATEGORY,"Under a worse-case variation (deeper laceration, damage to tendon/nerve/blood vessel), this could result in a more serious hand injury requiring surgical repair; however, life-threatening or permanently disabling outcomes are not a realistic pathway from this specific low-energy manual task",,,True,False,False,0,0.0,0.0,MISSED_CATEGORY,"Weak/absent — no indication of a cut-resistant glove being worn, and no mention of a proper cutting technique/board stabilization method being used; standard practice for manual knife tasks (cut-resistant gloves, stable cutting surface, ""claw grip"" technique) does not appear to have been referenced or followed",,,True,False,False,0,0.0,0.0,MISSED_CATEGORY
industrial_safety_000198,Biological/environmental hazard from an insect/bee-type organism.,,,True,False,False,0,0.0,0.0,MISSED_CATEGORY,The technician was directly exposed to the insect while working outdoors and was bitten on the face.,,,True,False,False,0,0.0,0.0,MISSED_CATEGORY,"Minor injury, such as localized pain, swelling, or irritation. A severe allergic reaction is theoretically possible, but it is not supported by the reported event.",,,True,False,False,0,0.0,0.0,MISSED_CATEGORY,"Environmental hazard identification and insect-control/awareness measures could be improved. However, the narrative does not indicate a significant barrier failure.",,,True,False,False,0,0.0,0.0,MISSED_CATEGORY
industrial_safety_000210,"Mechanical — sharp/broken ceramic edge (low kinetic energy, contact-type hazard)",,,True,False,False,0,0.0,0.0,MISSED_CATEGORY,Direct hand contact with a damaged plate while handling a stack of dishware during routine cleaning/kitchen duties; the sharp edge was not visually obvious within the stacked set,Direct worker exposure,causing injury,True,True,True,1,0.05263157894736842,0.05,PARTIAL_COVERAGE,"Under a worse-case variation (deeper laceration, damage to tendon/nerve/blood vessel in the finger), this could result in a more serious hand injury requiring surgical repair; however, life-threatening or permanently disabling outcomes are not a realistic pathway from this specific low-energy mechanism",,,True,False,False,0,0.0,0.0,MISSED_CATEGORY,"Weak/absent — no indication of an inspection process to identify and remove damaged/chipped dishware before handling, and no cut-resistant gloves mentioned for dishwashing tasks",,,True,False,False,0,0.0,0.0,MISSED_CATEGORY
industrial_safety_000219,Sharp knife / low-energy cutting hazard.,,,True,False,False,0,0.0,0.0,MISSED_CATEGORY,Direct finger exposure to the kitchen knife during food preparation.,Direct worker exposure,causing the injury,True,True,True,2,0.2857142857142857,0.2857142857142857,PARTIAL_COVERAGE,Localized cut/laceration or finger injury.,,,True,False,False,0,0.0,0.0,MISSED_CATEGORY,Specific protective gloves for the task were not being used.,,,True,False,False,0,0.0,0.0,MISSED_CATEGORY
industrial_safety_000222,Same-level slip/fall hazard caused by vegetation/ground conditions.,,,True,False,False,0,0.0,0.0,MISSED_CATEGORY,The operator was walking through an area containing leucena foliage while conducting the inspection.,,,True,False,False,0,0.0,0.0,MISSED_CATEGORY,"Minor to moderate injury, such as bruises, sprains, or fractures. Based on the narrative, a SIF-level consequence is not reasonably evident.",,,True,False,False,0,0.0,0.0,MISSED_CATEGORY,Walking-surface/vegetation management and housekeeping controls could be improved to maintain a clear and safe inspection route.,,,True,False,False,0,0.0,0.0,MISSED_CATEGORY
industrial_safety_000232,"Residual process energy/material and contaminated substances, including residual water and contaminants associated with the blower.",,,True,False,False,0,0.0,0.0,MISSED_CATEGORY,The employee's face and right eye were directly exposed to residual water and contaminated PPE.,,,True,False,False,0,0.0,0.0,MISSED_CATEGORY,"Fatality or life-altering injury is possible from a more hazardous residual substance or greater exposure, particularly severe eye injury or permanent vision impairment.",Minor injury / irritation,irritation,True,True,True,0,0.0,0.0,LOW_SEMANTIC_OVERLAP,"Energy isolation, draining/depressurization, decontamination, and PPE-removal controls were inadequate or ineffective. Residual material remained in the equipment, and contaminated gloves were able to contact the employee's eye during PPE removal.",Personal protective equipment,PPE,True,True,True,1,0.05,0.045454545454545456,PARTIAL_COVERAGE
industrial_safety_000236,Same-level/low-height slip and gravitational energy.,,,True,False,False,0,0.0,0.0,MISSED_CATEGORY,Worker was exposed to a low-height fall/slip while descending the ladder.,,,True,False,False,0,0.0,0.0,MISSED_CATEGORY,"Minor to moderate impact injury, such as bruising or musculoskeletal injury.",,,True,False,False,0,0.0,0.0,MISSED_CATEGORY,Handrail was present and the worker was using his required PPE (EPP). No critical barrier failure indicating SIF potential is described.,Fall prevention / protection,handrail,True,True,True,0,0.0,0.0,LOW_SEMANTIC_OVERLAP
industrial_safety_000239,Mechanical/kinetic — struck-by hazard from a heavy air pipe shifting/settling unexpectedly during manual handling/positioning,,,True,False,False,0,0.0,0.0,MISSED_CATEGORY,"Worker (Marco) in direct physical proximity to and manually handling the pipe at the moment it moved/settled; positioned such that the pipe's impact trajectory intersected his body, specifically striking the safety guard he was wearing/using",,,True,False,False,0,0.0,0.0,MISSED_CATEGORY,"Had the safety guard not been in place, in the correct position, or adequate for the impact force, this could have resulted in serious head, face, or facial fracture injury, eye injury, or other significant trauma from being struck by the pipe — this is a scenario where the absence or failure of the existing barrier would plausibly escalate the outcome to SIF-level severity",,,True,False,False,0,0.0,0.0,MISSED_CATEGORY,"the safety guard intercepted the impact and appears to have prevented direct injury to the worker; however, the underlying task control (secure positioning/rigging of the pipe before release, or controlled lowering rather than an unexpected ""seat""/settling movement) was inadequate, indicating a process/procedural gap even though the PPE barrier held",,,True,False,False,0,0.0,0.0,MISSED_CATEGORY
industrial_safety_000250,"Chemical — highly corrosive strong acid (sulfuric acid), likely airborne/splashed from the conveyor system",,,True,False,False,0,0.0,0.0,MISSED_CATEGORY,Direct facial skin contact (upper lip) via an uncontrolled release/splash/drip from process equipment during cleaning activity,,,True,False,False,0,0.0,0.0,MISSED_CATEGORY,"Under a worse-case variation (larger volume, direct eye contact, inhalation of acid mist/fumes, or contact with mucous membranes of mouth/nose), this could result in permanent eye damage, severe facial burns/disfigurement, or respiratory injury — meeting SIF severity criteria",Struck-by injury,was hit,True,True,True,0,0.0,0.0,LOW_SEMANTIC_OVERLAP,"Weak/failed — no indication of face shield, goggles, or splash protection being worn during cleaning near the conveyor; also suggests inadequate containment or isolation of the acid source (e.g., no drip trays, sealed lines, or LOTO) during the cleaning task near an active/residual chemical line",,,True,False,False,0,0.0,0.0,MISSED_CATEGORY
industrial_safety_000259,fall from a low height (~0.6 m) while climbing on/around mobile equipment (scooptram) using a non-designated foothold (tire rim),,,True,False,False,0,0.0,0.0,MISSED_CATEGORY,Operator's foot/leg in contact with the equipment's rim while climbing to access the front headlight for inspection; direct exposure to a fall when the foothold slipped,,,True,False,False,0,0.0,0.0,MISSED_CATEGORY,"Under this specific low fall height, the realistic outcome range includes sprains, strains, bruising, or at most a minor fracture from an awkward landing; a genuinely severe or fatal outcome is not a plausible escalation from this height alone unless a secondary hazard were present (e.g., falling onto exposed machinery parts, into a pinch point, or striking the head on a hard/sharp surface) — none of which is indicated in the narrative",,,True,False,False,0,0.0,0.0,MISSED_CATEGORY,"no indication of proper access equipment (ladder, designated step/platform) being used for the inspection task; using the tire rim as a climbing point is an improvised, non-designed access method, indicating a gap in safe access procedures for equipment inspection/maintenance tasks",,,True,False,False,0,0.0,0.0,MISSED_CATEGORY
industrial_safety_000264,Thermal energy and pressurized/hot process gas associated with furnace ignition.,Fire / explosion energy; Thermal / hot material,igniting || hot gas,True,True,True,3,0.3333333333333333,0.25,PARTIAL_COVERAGE,The employee's face was directly exposed to the hot-gas reflux during furnace ignition.,Material / substance contact,"hot gas, reaching the face",True,True,True,0,0.0,0.0,LOW_SEMANTIC_OVERLAP,"Fatality or life-altering injury, including severe facial/airway burns, thermal injury, or smoke/hot-gas inhalation.",,,True,False,False,0,0.0,0.0,MISSED_CATEGORY,"Ignition, gas-flow, and personnel-positioning controls were inadequate or ineffective. The employee was positioned where a hot-gas reflux could reach the face. Proper ignition procedures, gas-flow control, exclusion from the line of fire, and appropriate PPE should prevent direct exposure.",,,True,False,False,0,0.0,0.0,MISSED_CATEGORY
industrial_safety_000272,Sharp edge / low-energy cutting or puncture hazard.,,,True,False,False,0,0.0,0.0,MISSED_CATEGORY,Direct thumb contact with the sharp corner while handling the aluminum container.,,,True,False,False,0,0.0,0.0,MISSED_CATEGORY,"Localized cut, puncture, or minor hand injury.",,,True,False,False,0,0.0,0.0,MISSED_CATEGORY,The employee was not wearing safety gloves at the time of the incident.,Personal protective equipment,safety gloves,True,True,True,0,0.0,0.0,LOW_SEMANTIC_OVERLAP
industrial_safety_000284,Stored mechanical energy and projectile energy from the brace/bolt during removal and impact.,,,True,False,False,0,0.0,0.0,MISSED_CATEGORY,The employee was in close proximity to the component and in the potential line of fire while striking/removing it.,,,True,False,False,0,0.0,0.0,MISSED_CATEGORY,"Fatality or life-altering injury, including penetrating trauma, severe laceration, eye injury, or potentially fatal injury if a metal fragment were projected toward a vital body area.",,,True,False,False,0,0.0,0.0,MISSED_CATEGORY,"Line-of-fire, restraint, and controlled disassembly barriers were inadequate or ineffective. The component was struck while the worker remained exposed to potential projectile release. Appropriate restraint, controlled removal methods, exclusion zones, and suitable PPE should prevent personnel exposure.",,,True,False,False,0,0.0,0.0,MISSED_CATEGORY
industrial_safety_000289,Same-level fall / walking-surface hazard.,,,True,False,False,0,0.0,0.0,MISSED_CATEGORY,The worker was walking through the electrolysis area and stumbled near the bathroom.,,,True,False,False,0,0.0,0.0,MISSED_CATEGORY,"Minor to moderate injury, such as bruises, sprains, or fractures. Based on the information provided, SIF-level injury is not reasonably evident.",,,True,False,False,0,0.0,0.0,MISSED_CATEGORY,"Housekeeping, walking-surface, and pedestrian safety controls may have been inadequate, but there is insufficient evidence of a failed high-consequence barrier.",,,True,False,False,0,0.0,0.0,MISSED_CATEGORY
industrial_safety_000297,Fall from height / gravitational energy.,,,True,False,False,0,0.0,0.0,MISSED_CATEGORY,Worker was directly exposed to a fall while standing on an unstable reel at approximately 3 m elevation.,Fall exposure,fell frontally at a height,True,True,True,1,0.125,0.1111111111111111,PARTIAL_COVERAGE,"Severe head injury, spinal injury, fractures, permanent disability, or fatality.",,,True,False,False,0,0.0,0.0,MISSED_CATEGORY,Inadequate work-at-height controls and unstable access surface; the worker used an unstable reel instead of a safe access platform.,,,True,False,False,0,0.0,0.0,MISSED_CATEGORY
industrial_safety_000298,Mechanical pinch/crush hazard with localized low-energy exposure.,,,True,False,False,0,0.0,0.0,MISSED_CATEGORY,Right fifth finger directly exposed to the pinch point between the protection grid and light support.,,,True,False,False,0,0.0,0.0,MISSED_CATEGORY,"Finger bruise, laceration, sprain, or localized crush injury.",,,True,False,False,0,0.0,0.0,MISSED_CATEGORY,Pinch point remained accessible during manual adjustment of the light support.,,,True,False,False,0,0.0,0.0,MISSED_CATEGORY
industrial_safety_000312,Molten/liquid metal and extreme thermal energy.,,,True,False,False,0,0.0,0.0,MISSED_CATEGORY,Direct exposure to liquid-metal projection while approaching an operating furnace.,Line-of-fire exposure,struck by,True,True,True,1,0.14285714285714285,0.125,PARTIAL_COVERAGE,"Severe or extensive thermal burns, eye injury, permanent disability, or fatality.",Struck-by injury,struck by,True,True,True,0,0.0,0.0,LOW_SEMANTIC_OVERLAP,Insufficient protection/separation from the molten-metal projection zone while approaching the operating furnace.,,,True,False,False,0,0.0,0.0,MISSED_CATEGORY
industrial_safety_000314,Fall from height / gravitational energy.,Gravity / fall-from-height energy,at an approximate height,True,True,True,1,0.25,0.16666666666666666,PARTIAL_COVERAGE,Worker was directly exposed to a fall while working approximately 2.5 m above ground on a ladder.,,,True,False,False,0,0.0,0.0,MISSED_CATEGORY,"Severe head injury, spinal injury, fractures, permanent disability, or fatality.",,,True,False,False,0,0.0,0.0,MISSED_CATEGORY,Fall-prevention controls were inadequate or failed to prevent the worker from falling from the ladder.,,,True,False,False,0,0.0,0.0,MISSED_CATEGORY
industrial_safety_000321,"Uncontrolled ground/rockfall energy from loose or unstable rock in the pit face, combined with the elevated work position.",Gravity / fall-from-height energy; Ground / rockfall energy,height of 3m || stone slab,True,True,True,3,0.25,0.21428571428571427,PARTIAL_COVERAGE,The collaborator was inside the elevated basket directly beneath/in front of the unstable ground when the slab detached.,,,True,False,False,0,0.0,0.0,MISSED_CATEGORY,"Fatality or life-altering injury from crushing, traumatic amputation, severe fractures, or a larger rockfall striking/engulfing the worker; a fall from the elevated basket could also result in serious injury.",,,True,False,False,0,0.0,0.0,MISSED_CATEGORY,"Ground-control and exclusion controls were inadequate or ineffective. The worker and basket were positioned within the potential rockfall zone, and loose/unstable ground was not adequately identified, scaled, barricaded, or otherwise controlled before loading.",,,True,False,False,0,0.0,0.0,MISSED_CATEGORY
industrial_safety_000323,Gravitational — slip/fall from a low height (~0.70 m) while descending a vehicle's access ladder/steps,,,True,False,False,0,0.0,0.0,MISSED_CATEGORY,Operator's foot/hand in contact with the vehicle's access rung while dismounting the cab; direct exposure to a fall and subsequent contact with the vehicle's fender and rung structure,,,True,False,False,0,0.0,0.0,MISSED_CATEGORY,"Under this specific low fall height and impact point (forearm striking fender/rung), the realistic outcome range includes bruising, contusion, or a possible fracture of the forearm; a genuinely severe or fatal outcome is not a plausible escalation from this height and impact location alone, absent an unsupported assumption of head strike or fall onto a hazardous secondary surface",,,True,False,False,0,0.0,0.0,MISSED_CATEGORY,"Weak/absent — no indication of the operator maintaining three-point contact while descending, or of anti-slip treads/adequate grip on the access rungs being confirmed; the operator's task context (rushed dismount due to observing equipment congestion ahead) may have contributed to a hurried, less careful descent",,,True,False,False,0,0.0,0.0,MISSED_CATEGORY
industrial_safety_000331,"Falling/sliding rock, water and mud, gravity/fall energy.",,,True,False,False,0,0.0,0.0,MISSED_CATEGORY,Worker was directly exposed while descending the access ladder/platform during ore chuteo.,,,True,False,False,0,0.0,0.0,MISSED_CATEGORY,"Serious struck-by injury, fall-related injury, fractures, head/spinal injury, or fatality.",,,True,False,False,0,0.0,0.0,MISSED_CATEGORY,"The worker recognized the water/mud hazard and attempted to leave the platform, but the control was insufficient to prevent the rock from striking him.",,,True,False,False,0,0.0,0.0,MISSED_CATEGORY
industrial_safety_000332,Sharp blade / mechanical cutting energy.,Mechanical / moving equipment energy,"blade, causing the cut",True,True,True,2,0.4,0.2857142857142857,PARTIAL_COVERAGE,Direct hand/finger exposure to the guillotine blade while raising it.,Body part contact,"finger of the right hand It rubs against the edge of the guillotine blade, causing the cut",True,True,True,0,0.0,0.0,LOW_SEMANTIC_OVERLAP,"Laceration or more severe finger injury, potentially including tendon/nerve damage or amputation.",Cut / laceration,"cuts of enmicadas pages, when trying to raise the guillotine the middle finger of the right hand It rubs against the edge of the guillotine blade, causing the cut in the yolk of the third finger of the right hand",True,True,True,1,0.1111111111111111,0.1,PARTIAL_COVERAGE,Inadequate hand clearance/guarding while manipulating the guillotine blade.,,,True,False,False,0,0.0,0.0,MISSED_CATEGORY
industrial_safety_000337,Mechanical/rotational energy from the compressor's operating fan/propeller.,,,True,False,False,0,0.0,0.0,MISSED_CATEGORY,The worker's left hand was directly exposed to the rotating fan while attempting to retrieve the cloth.,Direct worker exposure,causing the injury,True,True,True,0,0.0,0.0,LOW_SEMANTIC_OVERLAP,"Fatality or life-altering injury, including severe laceration, crushing, traumatic amputation, or entanglement.",,,True,False,False,0,0.0,0.0,MISSED_CATEGORY,"Machine guarding and energy-isolation controls were inadequate or bypassed. The compressor was operating with the bonnet open, allowing access to the rotating fan. The worker attempted intervention without first stopping and isolating the equipment.",,,True,False,False,0,0.0,0.0,MISSED_CATEGORY
industrial_safety_000338,"Mechanical — impact from a hand-held striking tool (hammer), low-to-moderate kinetic energy, localized contact-type hazard",,,True,False,False,0,0.0,0.0,MISSED_CATEGORY,Direct hand contact — the left hand (holding/positioning the workpiece) was struck by the hammer being wielded by the right hand during a carpentry task,Body part contact,"hit the second finger of the left hand with the hammer, which he held with his right hand",True,True,True,1,0.07142857142857142,0.0625,PARTIAL_COVERAGE,"Under a worse-case variation (harder/more direct strike), this could result in a fingertip fracture, nail bed injury, or crush injury requiring more involved medical treatment; however, life-threatening or permanently disabling outcomes are not a realistic pathway from this specific low-energy, localized mechanism",,,True,False,False,0,0.0,0.0,MISSED_CATEGORY,"Weak/absent — no indication of a tool/jig being used to hold the workpiece (to keep hands clear of the striking zone), and no mention of impact-resistant gloves; standard hand-tool safety practice (keeping the non-striking hand clear, using clamps/holders) does not appear to have been followed",,,True,False,False,0,0.0,0.0,MISSED_CATEGORY
industrial_safety_000342,"Stored mechanical energy and uncontrolled movement of the cardan protector, creating a crushing/pinch point.",,,True,False,False,0,0.0,0.0,MISSED_CATEGORY,The mechanic's left hand/finger was positioned at the pinch point while loosening the retaining bolt.,,,True,False,False,0,0.0,0.0,MISSED_CATEGORY,"Fatality or life-altering injury is possible, particularly severe crushing, fracture, loss of tissue, or traumatic amputation of the finger/hand.",,,True,False,False,0,0.0,0.0,MISSED_CATEGORY,Mechanical restraint/support and pinch-point controls were inadequate or ineffective. The protector was not adequately secured against unexpected movement/release before the retaining bolt was loosened.,,,True,False,False,0,0.0,0.0,MISSED_CATEGORY
industrial_safety_000346,"Mechanical (friction/abrasion) — secondary to a chemical hazard (paint) that was mishandled; the injury-causing mechanism is friction from dry cloth on skin, not the chemical itself",Chemical substance / exposure,"paint, and to clean himself he makes use of a dry industrial cloth and begins to rub his face, for a period of time from 30 to 40 seconds continuously, until finally the paint on the face",True,True,True,1,0.07142857142857142,0.0625,PARTIAL_COVERAGE,"Direct, prolonged (30–40 seconds) friction/rubbing contact between a dry industrial cloth and facial skin, following inadvertent hand-to-face contact with wet paint",Body part contact; Material / substance contact,"paint, and to clean himself he makes use of a dry industrial cloth and begins to rub his face, for a period of time from 30 to 40 seconds continuously, until finally the paint on the face || rub his face, for a period of time from 30 to 40 seconds continuously, until finally the paint on the face",True,True,True,1,0.058823529411764705,0.047619047619047616,PARTIAL_COVERAGE,": Localized skin abrasion, irritation, or redness from friction; if paint contained irritating/toxic solvents and contact had involved the eyes or mucous membranes instead of general facial skin, the potential consequence could have been more serious (chemical eye injury) — but as described, the realistic escalation potential remains low to moderate, not SIF-level",,,True,False,False,0,0.0,0.0,MISSED_CATEGORY,"improper cleaning method used (dry friction instead of appropriate solvent/water-based cleaning or eyewash-type response for facial chemical contact); indicates gaps in training/procedure for skin decontamination after chemical (paint) contact, and glove use did not prevent hand-to-face transfer",,,True,False,False,0,0.0,0.0,MISSED_CATEGORY
industrial_safety_000361,Mobile equipment / vehicle movement and crushing energy.,Mobile equipment / vehicle movement,wheel loader,True,True,True,4,0.6666666666666666,0.6666666666666666,REASONABLE_LEXICAL_OVERLAP,Worker was on foot in the path/operating area of moving heavy equipment.,Body part contact,hit in the arm,True,True,True,0,0.0,0.0,LOW_SEMANTIC_OVERLAP,"Crushing, amputation, run-over, severe injury, or fatality.",Struck-by injury,was hit,True,True,True,0,0.0,0.0,LOW_SEMANTIC_OVERLAP,Inadequate separation between pedestrians and mobile equipment; the worker crossed the roadway while the loader was traveling through the area.,,,True,False,False,0,0.0,0.0,MISSED_CATEGORY
industrial_safety_000364,"moving vehicle (mobile mining equipment) at operating speed, with collision against fixed underground structure (gable) causing loss of control and vehicle rotation",,,True,False,False,0,0.0,0.0,MISSED_CATEGORY,Two vehicle occupants (pilot/driver and copilot) present in the cabin during an uncontrolled collision and subsequent vehicle turn/rotation; copilot's hand exposed to broken glass generated by the impact,,,True,False,False,0,0.0,0.0,MISSED_CATEGORY,"Under a worse-case variation of this same event (higher speed, full rollover, ejection from vehicle, collision involving pedestrians/other equipment in the roadway, or greater structural intrusion into the cabin), this could result in serious crush injuries, head/spinal trauma, or fatality for either occupant — this is a hazard category with an inherently high severity ceiling, distinct from the low-energy chemical/cut cases reviewed previously",,,True,False,False,0,0.0,0.0,MISSED_CATEGORY,"driver distraction (handling radio while driving) represents a failure of safe driving behavior/procedure; no indication of hands-free communication devices, distraction-management controls, or speed/engineering controls (e.g., barriers, road design at the gable) that prevented the vehicle from contacting the wall; vehicle window glass breaking on impact indicates the structural/cabin integrity control also did not fully contain the hazard",,,True,False,False,0,0.0,0.0,MISSED_CATEGORY
industrial_safety_000370,Corrosive chemical energy – nitric acid.,,,True,False,False,0,0.0,0.0,MISSED_CATEGORY,"Direct exposure to projected nitric acid, including the face and upper limbs.",,,True,False,False,0,0.0,0.0,MISSED_CATEGORY,"Severe chemical burns, serious eye injury, respiratory injury, permanent impairment, or potentially fatal exposure.",,,True,False,False,0,0.0,0.0,MISSED_CATEGORY,"Vial/doser connection failed or became detached, allowing uncontrolled chemical release toward the worker.",,,True,False,False,0,0.0,0.0,MISSED_CATEGORY
industrial_safety_000371,"Mechanical energy / unexpected movement from the automatically actuated sampler, with additional confined-space entrapment hazard.",,,True,False,False,0,0.0,0.0,MISSED_CATEGORY,The mechanic was inside the discharge chute within the sampler's operating zone when it activated.,,,True,False,False,0,0.0,0.0,MISSED_CATEGORY,"Fatality or life-altering injury, including crushing of the chest, traumatic injury, restricted breathing/asphyxiation, or fatal entrapment.",,,True,False,False,0,0.0,0.0,MISSED_CATEGORY,"Lockout/tagout and isolation controls were inadequate or ineffective. The automatic sampler was not adequately isolated and secured against unexpected activation before the mechanic entered the chute. The worker also entered a restricted space alone, increasing the severity potential.",,,True,False,False,0,0.0,0.0,MISSED_CATEGORY
industrial_safety_000372,"Electrical energy, including potential energized conductors, electrical fault energy, and arc-flash/arc-blast energy.",Electrical energy,electric shock,True,True,True,2,0.2222222222222222,0.2222222222222222,PARTIAL_COVERAGE,"The worker was exposed to the electrical system while working on the cable connection and subsequently had his head inside an adjacent, unblocked electrical cell.",,,True,False,False,0,0.0,0.0,MISSED_CATEGORY,"Fatality or life-altering injury, including electrocution, severe burns, arc-flash injury, cardiac arrest, or traumatic injury from an electrical arc/blast.",Electrical injury,electric shock,True,True,True,1,0.07692307692307693,0.07692307692307693,PARTIAL_COVERAGE,"Electrical isolation, boundary control, and lockout/tagout barriers were inadequate or ineffective. The adjacent Z-132 cell was not blocked, allowing the worker to enter an electrical compartment where he was not assigned to work. The event also indicates inadequate control/verification of hazardous electrical energy before cable work.",,,True,False,False,0,0.0,0.0,MISSED_CATEGORY
industrial_safety_000373,"Combined mechanical/gravitational — uncontrolled heavy vehicle (concrete mixer) runaway on a ramp due to sudden loss of engine/electrical control, operator jumping from a moving vehicle, and subsequent vehicle collision with a fixed structure resulting in rollover",,,True,False,False,0,0.0,0.0,MISSED_CATEGORY,"Operator physically present in the cabin during the loss of control and reversing runaway, then exposed to fall/impact risk while jumping from the moving vehicle; broader area (ramp/roadway) exposed to an unmanned, uncontrolled 20-meter runaway that ended in collision and rollover — the narrative notes no personnel/equipment were in that path on this occasion",,,True,False,False,0,0.0,0.0,MISSED_CATEGORY,"Under a worse-case variation of this same event (operator jumping at higher speed or less favorable body position, landing on hard/uneven ground, being run over by the reversing vehicle, or personnel/other equipment being present in the runaway's path or at the point of collision/rollover), this could plausibly result in fatality or severe crush/impact trauma — this is a hazard category with an inherently high severity ceiling, and the described outcome (no injury, no personnel present) reflects a fortunate variation rather than an effective control",,,True,False,False,0,0.0,0.0,MISSED_CATEGORY,"Failed — the vehicle's engine/electrical/control system failed unexpectedly, and there is no indication of a functioning parking brake, runaway-vehicle arrestor, or fail-safe braking system that should have prevented an uncontrolled reverse roll on a ramp; the absence of personnel/equipment in the runaway path was circumstantial, not the result of an engineered exclusion zone or traffic control measure",,,True,False,False,0,0.0,0.0,MISSED_CATEGORY
industrial_safety_000374,Sharp thorn / low-energy puncture hazard and same-level loss of balance.,,,True,False,False,0,0.0,0.0,MISSED_CATEGORY,Technician's foot was directly exposed to the thorn while performing the survey.,,,True,False,False,0,0.0,0.0,MISSED_CATEGORY,Minor puncture injury or same-level fall injury.,,,True,False,False,0,0.0,0.0,MISSED_CATEGORY,No specific failed critical safety barrier is described. The worker's reaction to the thorn caused the subsequent loss of balance.,,,True,False,False,0,0.0,0.0,MISSED_CATEGORY
industrial_safety_000382,Chemical exposure from the water-thinner mixture.,,,True,False,False,0,0.0,0.0,MISSED_CATEGORY,The employee's left shoulder and lower lip were directly exposed to the mixture.,,,True,False,False,0,0.0,0.0,MISSED_CATEGORY,"Minor chemical irritation or burns. Based on the narrative, a SIF-level consequence is not reasonably evident.",,,True,False,False,0,0.0,0.0,MISSED_CATEGORY,"Chemical-handling controls were inadequate or could be improved. The bucket slipped during manual handling, resulting in direct exposure. A suitable container, controlled pouring method, and appropriate chemical-resistant PPE would reduce the likelihood of splashes.",,,True,False,False,0,0.0,0.0,MISSED_CATEGORY
industrial_safety_000383,Venomous insect / biological toxin.,,,True,False,False,0,0.0,0.0,MISSED_CATEGORY,Direct exposure to a wasp while performing soil sampling and opening the area with a machete.,,,True,False,False,0,0.0,0.0,MISSED_CATEGORY,"Localized swelling and minor injury. A severe allergic reaction is theoretically possible, but is not evidenced in this event.",Minor injury / irritation,swelling,True,True,True,1,0.1,0.09090909090909091,PARTIAL_COVERAGE,Required PPE was being used at the time of the incident. No specific failed critical barrier is described.,,,True,False,False,0,0.0,0.0,MISSED_CATEGORY
industrial_safety_000384,Electrical energy / electrical discharge associated with 50 kV infrastructure.,Electrical energy,energized,True,True,True,2,0.4,0.4,PARTIAL_COVERAGE,Two employees were inside the fenced area near the electrical infrastructure when the suspected discharge occurred.,,,True,False,False,0,0.0,0.0,MISSED_CATEGORY,"Electric shock, arc-flash burns, electrocution, or fatality.",,,True,False,False,0,0.0,0.0,MISSED_CATEGORY,"The installation was reported as disabled, de-energized, and 90% dismantled, and work was stopped with evacuation initiated after the storm alert. However, the suspected discharge indicates residual or induced electrical energy may still have been present.",Isolation / lockout-tagout,de-energized,True,True,True,0,0.0,0.0,LOW_SEMANTIC_OVERLAP
industrial_safety_000385,Electrical energy / electrical discharge from an overhead cable associated with a 50 kV installation.,Electrical energy,energized,True,True,True,2,0.2857142857142857,0.2857142857142857,PARTIAL_COVERAGE,Two workers were inside the fenced work area near the old electrical infrastructure during the suspected discharge.,,,True,False,False,0,0.0,0.0,MISSED_CATEGORY,"Severe electrical shock, arc-related burns, electrocution, or fatality.",,,True,False,False,0,0.0,0.0,MISSED_CATEGORY,"The system was reported as disabled, de-energized, and 90% dismantled, and activities were stopped with evacuation ordered after the storm alert. However, the reported electrical discharge indicates that electrical hazards were still potentially present.",Isolation / lockout-tagout,de-energized,True,True,True,0,0.0,0.0,LOW_SEMANTIC_OVERLAP
industrial_safety_000389,Unstable ground/falling rock and gravitational energy; same-level fall near a pit/gable.,,,True,False,False,0,0.0,0.0,MISSED_CATEGORY,Worker was directly exposed to unstable ground and falling-rock hazards while inspecting the pit.,,,True,False,False,0,0.0,0.0,MISSED_CATEGORY,"Serious struck-by injury, fall into/over the gable, crushing, severe trauma, or fatality.",,,True,False,False,0,0.0,0.0,MISSED_CATEGORY,Ground-control and access controls were insufficient to prevent exposure to the unstable area and rock on the floor. The worker did recognize the warning signs and attempted to leave.,,,True,False,False,0,0.0,0.0,MISSED_CATEGORY
industrial_safety_000393,Uncontrolled ground/rockfall energy from unstable rock in the underground roof.,Ground / rockfall energy,rock block,True,True,True,3,0.375,0.375,PARTIAL_COVERAGE,The operator was working at the underground front directly beneath/near the potentially unstable roof when the rock block detached.,,,True,False,False,0,0.0,0.0,MISSED_CATEGORY,"Fatality or life-altering injury, including crushing, severe traumatic injury, or burial/entrapment from a larger ground fall.",,,True,False,False,0,0.0,0.0,MISSED_CATEGORY,"Ground-control and scaling controls were inadequate or ineffective. Unstable roof material remained capable of detaching and striking the work equipment. Adequate scaling, ground-support assessment, exclusion of personnel from unsupported ground, and appropriate ground-control measures are critical barriers.",,,True,False,False,0,0.0,0.0,MISSED_CATEGORY
industrial_safety_000401,"Stored pressure/process energy in the pump piping, with uncontrolled release of pulp.",,,True,False,False,0,0.0,0.0,MISSED_CATEGORY,Two employees were directly in the line of fire while removing the flange bolts and were struck by the projected pulp.,,,True,False,False,0,0.0,0.0,MISSED_CATEGORY,"Fatality or life-altering injury, including severe impact/penetration injuries, chemical or thermal burns if the pulp was hazardous, and eye/face injuries.",,,True,False,False,0,0.0,0.0,MISSED_CATEGORY,"Isolation, depressurization, and line-of-fire controls were inadequate or ineffective. The flange was opened while hazardous stored energy/material remained capable of being released. Positive isolation, pressure verification, controlled draining/bleeding, and positioning personnel outside the line of fire should have prevented the exposure.",,,True,False,False,0,0.0,0.0,MISSED_CATEGORY
industrial_safety_000403,Gravity / fall-from-height energy associated with an unprotected or inadequately controlled vertical chimney/opening.,Gravity / fall-from-height energy,chimney,True,True,True,3,0.3,0.3,PARTIAL_COVERAGE,The operator was working and moving adjacent to the chimney/vertical opening during the shotcrete activity.,,,True,False,False,0,0.0,0.0,MISSED_CATEGORY,"Fatality or life-altering injury from a fall into the vertical opening, including fatal traumatic injury. Fatality actually occurred in this event.",Fatality,death,True,True,True,1,0.1,0.1,PARTIAL_COVERAGE,"Fall-prevention and access-control barriers were inadequate or ineffective. The vertical opening was apparently accessible to the operator without sufficient protection to prevent a fall. Guarding/barricading, physical covers, controlled access, fall protection where required, and verification of the work area should have prevented the exposure.",,,True,False,False,0,0.0,0.0,MISSED_CATEGORY
industrial_safety_000410,Projected mineral fragments / mechanical and kinetic energy from the moving conveyor belt.,,,True,False,False,0,0.0,0.0,MISSED_CATEGORY,Two workers were directly exposed to fragments projected from the conveyor/tail-pulley area.,,,True,False,False,0,0.0,0.0,MISSED_CATEGORY,"Severe impact injury, penetrating injury, serious eye/head injury, permanent disability, or fatality.",,,True,False,False,0,0.0,0.0,MISSED_CATEGORY,"Fragment containment and/or exclusion controls were insufficient, allowing projected material to reach the workers' access area.",,,True,False,False,0,0.0,0.0,MISSED_CATEGORY
industrial_safety_000420,"Ergonomic/musculoskeletal — physical strain from prior manual handling task (evacuating oil/waste cylinders), compounded by a minor loss of balance; not a high-energy mechanical or gravitational hazard, as the fall was contained to the seat itself",,,True,False,False,0,0.0,0.0,MISSED_CATEGORY,"Cumulative physical exertion from manual handling of residual oil and solid waste cylinders during routine duties, followed by a minor balance loss while attempting to exit the vehicle cab",,,True,False,False,0,0.0,0.0,MISSED_CATEGORY,"The realistic outcome range for this mechanism is a musculoskeletal injury — lumbar strain, sprain, or disc-related pain — which, while potentially significant for the individual's health and requiring medical attention/time off work, does not carry a plausible pathway to life-threatening or permanently disabling injury under this specific description (fall onto seat, not to ground or from height)",,,True,False,False,0,0.0,0.0,MISSED_CATEGORY,"Weak/unclear — no indication of manual handling training, lifting aids, or task rotation controls for the cylinder evacuation task that preceded the incident; the operator continuing to drive after already feeling unwell/strained (before stopping) also suggests a gap in fatigue/fitness-for-duty self-reporting procedures",,,True,False,False,0,0.0,0.0,MISSED_CATEGORY
industrial_safety_000422,"Hydraulic/gravitational — uncontrolled, unexpected release of pressurized/trapped water and mud from a rail hopper chute during unloading operations; hidden hazardous energy not identified by standard pre-task visual inspection",,,True,False,False,0,0.0,0.0,MISSED_CATEGORY,"Operator positioned within the hopper's ""line of fire"" (discharge trajectory zone) at a distance of 7 meters during chute activation; direct exposure to the projected water/mud flow despite this stand-off distance",Line-of-fire exposure,line of fire,True,True,True,1,0.05,0.047619047619047616,PARTIAL_COVERAGE,"Under a worse-case variation of this same event (larger volume of trapped water/mud, higher pressure/force behind the material, closer proximity to the discharge point, or the operator being positioned directly in the flow path rather than at the edge of it), this could plausibly result in being knocked down, struck with significant force, entrapment/burial in mud, or being swept/pulled toward the discharge opening — outcomes consistent with serious injury or fatality; the fact that a splash reached and injured someone 7 meters away indicates the release carried more force than a routine, controlled discharge",,,True,False,False,0,0.0,0.0,MISSED_CATEGORY,"Failed — the pre-task visual inspection (""dry load, no presence of water"") did not detect the hazard, indicating this inspection method is inadequate for identifying trapped/hidden water or saturated material in this type of load; no indication of remote/controlled chute activation procedures, standoff barriers, or a validated line-of-fire exclusion zone that accounted for this failure mode",,,True,False,False,0,0.0,0.0,MISSED_CATEGORY
industrial_safety_000426,"Combined mechanical/gravitational — loss of vehicle traction/control on an inclined ramp, followed by a slide/fall of ~3 meters into an excavated area, ending in a nose-down (front-down) vehicle position",,,True,False,False,0,0.0,0.0,MISSED_CATEGORY,"Vehicle occupant(s) inside the cabin throughout the loss-of-control event, the slide, and the impact/settling at the bottom of the excavation; direct exposure to deceleration forces, potential cabin intrusion, and the vehicle's final unstable resting position (front-down)",,,True,False,False,0,0.0,0.0,MISSED_CATEGORY,"Under a worse-case variation of this same event (occupants not restrained, vehicle rolling/overturning completely rather than settling front-down, greater excavation depth, or structural cabin failure on impact), this could plausibly have resulted in severe crush injuries, ejection trauma, or fatality — this is a hazard category with an inherently high severity ceiling",,,True,False,False,0,0.0,0.0,MISSED_CATEGORY,"seatbelt use and complete PPE compliance by all occupants are explicitly confirmed, and these controls appear to have been directly responsible for the absence of a severe injury outcome despite the high-energy nature of the event; however, the underlying engineering/procedural controls that failed to prevent the vehicle from sliding into the excavation in the first place (e.g., barricading/delineation of the excavated area, ramp surface condition, edge protection near excavations) represent a clear gap",,,True,False,False,0,0.0,0.0,MISSED_CATEGORY
