report_id,description,sif_potential,sif_reason,evidence_text,hazard_notes,exposure_notes,consequence_notes,barrier_notes,annotator_confidence,annotation_round,annotation_version,boundary_selection_rule,boundary_selection_reason,adjudication_status,adjudication_label,adjudication_reason,adjudication_notes,adjudication_confidence,adjudicator_id,adjudicated_at_utc
industrial_safety_000145,"During the process of washing the material (Becker), the tip of the material was broken which caused a cut of the 5th finger of the right hand",UNCERTAIN,"This event involves breakage of laboratory glassware (a ""Becker,"" likely a Beaker) during a washing task, resulting in a cut to a single finger. This is a low-energy mechanical hazard — the breaking glass produces a sharp edge that caused localized, minor trauma. While cuts can occasionally escalate to tendon, nerve, or vascular damage, the mechanism and body part involved (single finger, 5th digit) do not indicate a realistic pathway to serious injury or fatality, even under a moderately worse-case variation of this scenario.","""During the process of washing the material (Becker), the tip of the material was broken which caused a cut of the 5th finger of the right hand""","harp/broken glass edge (low kinetic energy, contact-type hazard)","direct hand contact with glass labware during a manual washing task; the glassware broke while in-hand or in-contact, exposing the finger to the fractured edge","Under a worse-case variation (deeper cut, damage to tendon/nerve/blood vessel, or a larger glass fragment causing a more severe laceration), this could result in a more serious hand injury requiring surgical repair; however, life-threatening or permanently disabling outcomes are unlikely from this specific mechanism","Weak/absent — no indication that cut-resistant gloves were worn during the glassware washing task, and no mention of an inspection process to identify weakened/cracked glassware before handling",HIGH,v0.2_calibration,v0.3,existing_uncertain,Existing UNCERTAIN label; verify that missing information is materially decision-changing.,completed,NO,"The missing information flagged as the basis for ""UNCERTAIN"" (cut depth, glove use, glass fragment size, inspection history) is not materially decision-changing. The hazard energy class here — a broken glass edge causing a laceration to a single finger during a washing task — is inherently low-energy and mechanically bounded. Even under the most severe plausible variation of this exact mechanism (deeper laceration, tendon/nerve damage, larger shard), the realistic ceiling of consequence is a serious hand injury, not a life-threatening or permanently disabling outcome. Unlike chemical, electrical, height, or heavy-machinery hazards — where missing PPE/control details can swing the assessment from ""minor"" to ""fatal-potential"" — a lab glassware cut to a finger does not have that kind of severity ceiling. Therefore the absence of PPE and depth details does not create genuine uncertainty about SIF classification; it only affects the actual injury severity, not the potential ceiling.","Hazard/energy, exposure, and consequence pathway are clearly and completely described in the narrative — there is no ambiguity about the mechanism itself.
The only unknowns (glove use, glass fragment size, cut depth) would affect whether the actual injury was minor or moderate, not whether the event could plausibly have escalated to SIF-level severity.
No new facts, assumptions, or unsupported details were introduced in this adjudication; the original evidence, hazard, exposure, and barrier findings from the prior annotation are affirmed as accurate and sufficient.
This case is distinguishable from genuinely uncertain SIF cases (e.g., chemical splashes near the face/eyes, cuts near major arteries/tendons with unclear location, or falls with unclear height) where missing information does change the plausible severity ceiling.",HIGH,adjudicator_01,2026-09-03T09:18:21.135315+00:00
industrial_safety_000187,"when handling a sample in the laboratory, the sleeve of the employee's coat had contact with nitric acid, absorbing a small amount that came to reach the left forearm, causing a 1st degree burn.",UNCERTAIN,"Nitric acid is a strong oxidizing acid capable of causing severe chemical burns, deep tissue damage, and — with sufficient concentration, volume, or duration of contact (e.g., larger splash, contact with eyes, inhalation of fumes, or delayed detection due to it soaking through clothing) — permanent injury or life-threatening harm. The fact that the coat sleeve absorbed the acid and delayed skin contact suggests the employee may not have noticed immediately, which increases the exposure duration risk in a worse-case version of this same event.Nitric acid is a strong oxidizing acid capable of causing severe chemical burns, deep tissue damage, and — with sufficient concentration, volume, or duration of contact (e.g., larger splash, contact with eyes, inhalation of fumes, or delayed detection due to it soaking through clothing) — permanent injury or life-threatening harm. The fact that the coat sleeve absorbed the acid and delayed skin contact suggests the employee may not have noticed immediately, which increases the exposure duration risk in a worse-case version of this same event.","the sleeve of the employee's coat had contact with nitric acid, absorbing a small amount that came to reach the left forearm, causing a 1st degree burn","Chemical energy — corrosive/oxidizing hazardous substance (nitric acid), a Class A hazard capable of severe tissue damage","Direct skin contact via clothing absorption; sleeve of PPE (coat) absorbed acid, which then reached the left forearm — indicates a control (PPE) was present but was breached or insufficient (permeable/absorbent fabric, no chemical-resistant sleeve or apron)","Under marginally different conditions (higher concentration, larger volume, longer contact time before wash-off, contact with face/eyes, or delayed recognition since the acid soaked through fabric before reaching skin) this could result in severe chemical burns, permanent scarring, or greater bodily harm — meeting SIF severity criteria","Weak/failed barrier — the coat (likely standard lab coat, not chemical-resistant) did not prevent acid penetration to skin. No indication of an apron, acid-resistant sleeve guards, or immediate emergency shower/eyewash use is mentioned. This represents a failed or absent engineering/PPE control for the energy level involved",LOW,v0.2_calibration,v0.3,existing_uncertain,Existing UNCERTAIN label; verify that missing information is materially decision-changing.,completed,NO,"Applying the adjudication constraint ""I did not invent unsupported material changes,"" the prior reasoning elevated this case by hypothesizing exposure routes not present in the narrative — specifically ""contact with eyes,"" ""inhalation of fumes,"" ""larger splash,"" and ""delayed recognition."" None of these are evidenced. The narrative states a small amount of nitric acid was absorbed through the coat sleeve, reaching the left forearm, and resulted in a 1st degree burn — the mildest clinical burn classification (superficial, affecting only the outer skin layer, typically healing without scarring). This is a materially different fact pattern than a case involving the face, eyes, or airway. Substituting a higher-severity outcome (severe burns, permanent scarring, deep tissue damage) to justify SIF-potential requires assuming a different quantity, concentration, or body location than what is documented — precisely the kind of invented material change the adjudication rule excludes. Assessed strictly on the stated hazard/exposure/consequence, this is a small-quantity, non-critical-location, low-severity chemical exposure.","Hazard/energy: nitric acid is genuinely a strong oxidizing/corrosive acid — correctly identified and not in question.
Exposure: confirmed as limited — a small amount, absorbed through clothing, contacting the forearm (skin location with no proximity to eyes, airway, or mucous membranes).
Consequence: the actual and only evidenced consequence is a 1st degree (superficial) burn — the narrative does not support escalation to ""severe chemical burns,"" ""permanent injury,"" or ""life-threatening harm"" without inventing a different exposure scenario.
Barrier: the coat sleeve did absorb acid rather than fully blocking it, which is a legitimate PPE-adequacy gap worth corrective action (e.g., chemical-resistant sleeves for nitric acid handling) — but a control gap alone, without an evidenced high-severity outcome or exposure route, does not meet SIF criteria.
This is consistent with the corrected adjudications for industrial_safety_000250 and industrial_safety_000346: in all three chemical cases, the original ""Potential SIF"" classifications relied on hypothesized worse-case exposure routes (eyes, inhalation, larger volume) rather than the exposure and consequence actually documented",HIGH,adjudicator_01,2026-09-03T09:12:26.947218+00:00
industrial_safety_000250,Employee was doing cleaning near the area of ​​the pneumatic conveyor when he was hit by a drop of sulfuric acid on his upper lip.,NO,"Sulfuric acid is a highly corrosive substance capable of causing severe chemical burns, permanent scarring, and tissue destruction. The contact occurred on the upper lip, a location in close proximity to the eyes, mouth, and airway — a slightly different trajectory or larger volume could have resulted in eye contact (risk of permanent vision loss), mouth/airway exposure, or more extensive facial burns. The fact that this was described as only ""a drop"" is what kept the actual outcome minor; the potential consequence given the hazard energy and proximity to sensitive areas is high.","was hit by a drop of sulfuric acid on his upper lip"" while cleaning near the pneumatic conveyor","Chemical — highly corrosive strong acid (sulfuric acid), likely airborne/splashed from the conveyor system",Direct facial skin contact (upper lip) via an uncontrolled release/splash/drip from process equipment during cleaning activity,"Under a worse-case variation (larger volume, direct eye contact, inhalation of acid mist/fumes, or contact with mucous membranes of mouth/nose), this could result in permanent eye damage, severe facial burns/disfigurement, or respiratory injury — meeting SIF severity criteria","Weak/failed — no indication of face shield, goggles, or splash protection being worn during cleaning near the conveyor; also suggests inadequate containment or isolation of the acid source (e.g., no drip trays, sealed lines, or LOTO) during the cleaning task near an active/residual chemical line",HIGH,v0.2_calibration,v0.3,chemical_counterfactual,Chemical case whose reasoning may rely on changed concentration/quantity/contact assumptions.,completed,NO,"The boundary reason flags this as a case where a determination may improperly rely on changed concentration/quantity/contact assumptions. Reviewing the prior reasoning under the adjudication constraint ""I did not invent unsupported material changes,"" the case for elevating this to SIF-potential rested on hypothesized alternate exposure routes not present in the narrative — specifically ""direct eye contact,"" ""inhalation of acid mist/fumes,"" and ""larger volume."" None of these are evidenced. The narrative states only a single drop of sulfuric acid contacted the upper lip (external skin, not eye or mucosal tissue, not an inhalation event). Substituting a different exposure route (eye) or a different quantity (larger volume/mist) to justify severity is precisely the kind of invented material change the adjudication rule excludes. Assessed strictly on the actual, stated hazard/exposure/consequence — a small quantity of corrosive acid contacting external lip skin — the realistic outcome is a localized, minor chemical irritation or superficial burn, not a SIF-level event.","Hazard/energy: sulfuric acid is genuinely corrosive — this is correctly identified and not in question.
Exposure: confirmed as limited — a single drop, external skin (upper lip), during a cleaning task. No stated eye, airway, or mucous membrane contact.
Consequence: as stated, consistent with a minor, localized skin reaction; escalation to ""severe facial burns/disfigurement"" or ""respiratory injury"" requires assuming a materially different exposure (different quantity, different body location) that is not supported by the narrative.
Barrier: absence of face shield/goggles is a legitimate control gap worth corrective action (proximity to the face justifies improved PPE and containment), but a control gap alone, without an evidenced high-severity exposure pathway, does not meet SIF criteria.
This differs from industrial_safety_000190 (ammonia), where the narrative itself states splashes reached the face broadly (not just the lip), leaving somewhat more plausible proximity to the eyes without requiring an invented route change — that case retains stronger grounds for SIF-potential",MEDIUM,adjudicator_01,2026-09-03T09:10:44.763772+00:00
industrial_safety_000346,"Once the painting of the pumping pipe has been completed, the person involved involuntarily touches his face, with his hand (with gloves) full of paint, and to clean himself he makes use of a dry industrial cloth and begins to rub his face, for a period of time from 30 to 40 seconds continuously, until finally the paint on the face is cleaned, this friction generates the described injury.",YES,"The actual injury mechanism here is friction/abrasion from prolonged rubbing with a dry industrial cloth, not the paint chemical itself. While paint exposure to skin/face is undesirable and the cleaning method used was poor practice, this event does not involve a high-energy hazard (no corrosive/toxic chemical injury, no eye contact mentioned, no respiratory exposure). The consequence — skin irritation/abrasion from friction — has low potential to escalate to serious injury or fatality, even under a worse-case variation of the same scenario.","with his hand...full of paint, and to clean himself he makes use of a dry industrial cloth and begins to rub his face, for a period of time from 30 to 40 seconds continuously...this friction generates the described injury""","Mechanical (friction/abrasion) — secondary to a chemical hazard (paint) that was mishandled; the injury-causing mechanism is friction from dry cloth on skin, not the chemical itself","Direct, prolonged (30–40 seconds) friction/rubbing contact between a dry industrial cloth and facial skin, following inadvertent hand-to-face contact with wet paint",": Localized skin abrasion, irritation, or redness from friction; if paint contained irritating/toxic solvents and contact had involved the eyes or mucous membranes instead of general facial skin, the potential consequence could have been more serious (chemical eye injury) — but as described, the realistic escalation potential remains low to moderate, not SIF-level","improper cleaning method used (dry friction instead of appropriate solvent/water-based cleaning or eyewash-type response for facial chemical contact); indicates gaps in training/procedure for skin decontamination after chemical (paint) contact, and glove use did not prevent hand-to-face transfer",MEDIUM,v0.2_calibration,v0.3,chemical_counterfactual,Chemical case whose reasoning may rely on changed concentration/quantity/contact assumptions.,completed,NO,"The boundary reason correctly flags this as a case where a ""YES"" determination may have relied on an unsupported counterfactual — i.e., assuming the paint was a toxic/solvent-based product, or assuming contact reached the eyes/mucous membranes, neither of which is stated in the narrative. Applying the adjudication constraint ""I did not invent unsupported material changes,"" the assessment must be grounded in what actually occurred: hand-to-face contact with paint (chemical contact only, no injury reported from this), followed by 30–40 seconds of dry-cloth friction (the actual stated injury mechanism). The described injury arose from mechanical friction/abrasion, not chemical burn, toxic absorption, or ocular exposure. A prior YES label appears to have weighted the chemical hazard (paint) and its worst-case potential (toxic solvent, eye contact) rather than the actual documented exposure and consequence pathway. Correcting for that, the realistic severity ceiling of this specific, described event — friction abrasion from cleaning paint off facial skin — does not meet SIF criteria.","Hazard/energy: the narrative supports friction (mechanical) as the actual injury-causing energy; paint chemical exposure is present but not established as the injury mechanism (no burn, no irritation-from-chemical noted).
Exposure: confirmed as prolonged dry friction contact with skin; no evidence of eye, mucous membrane, or inhalation exposure to substantiate a chemical-injury severity pathway.
Consequence: as documented, consistent with localized abrasion/irritation — a real but bounded outcome.
Barrier: poor decontamination procedure (dry cloth instead of proper cleaning agent) is a legitimate control gap and worth corrective action, but a control gap alone does not elevate SIF potential without a plausible high-severity exposure pathway actually present in the narrative.
This is distinguished from cases like industrial_safety_000250 (sulfuric acid to the upper lip) or industrial_safety_000190 (ammonia splash to the face), where the stated exposure itself (corrosive/toxic chemical directly contacting skin/face) carries an inherent high-severity ceiling. Here, the stated exposure to paint did not itself produce the injury — friction did.",MEDIUM,adjudicator_01,2026-09-03T09:18:18.156023+00:00
industrial_safety_000140,"When checking voltage at the power outlet of the the plug and socket to make sure the connection was correct, when there was a small electrical arc in the power cord, causing a slight burn in the right hand wrist. The protection system acted immediately.",YES,"The worker was exposed to energized electrical equipment, and an electrical arc occurred. Although the actual injury was minor, electrical shock or arc-flash exposure could potentially have resulted in a serious or fatal injury.","A small electrical arc occurred in the power cord while checking voltage, causing a burn to the right wrist. The protection system acted immediately.",Electrical energy / arc-flash energy,Worker directly exposed to energized plug/socket and power cord while checking voltage.,"Severe burn, electric shock, electrocution, or fatality.","Protection system acted immediately, preventing escalation. However, the worker remained exposed to energized electrical equipment during the task.",HIGH,v0.2_calibration,v0.3,effective_barrier,High-energy exposure with an explicit protective barrier that may affect the SIF decision.,completed,YES,"The worker was directly exposed to electrical energy, and an actual electrical arc occurred while checking voltage. Electrical arcing can cause severe burns or electric shock, providing a credible SIF mechanism even though the reported injury was only a slight wrist burn.","The report confirms an electrical arc occurred and reached the worker, resulting in a burn. The protection system acted immediately and limited the consequence, but this is an observed barrier response rather than evidence that the underlying electrical exposure was eliminated. No unsupported escalation is required to identify the SIF potential.",HIGH,adjudicator_01,2026-09-03T09:11:04.090633+00:00
industrial_safety_000284,"When performing the Doosan RB-10 equipment hammer repair, the employee tries to remove the suspenders with the support of a 25-pound rope; At the moment of receiving the blow the brace or bolt causes a splinter to be released, expelling and impacting on the lower left limb causing metal embedding in it. The collaborator did not notice immediately.",YES,"The repair involved striking/removing a mechanical component under tension or restraint. The impact caused a metal fragment to be projected into the worker's lower limb, demonstrating uncontrolled stored/mechanical energy and projectile potential. A similar release directed toward the head, eyes, or torso could cause life-altering or fatal injury.","During repair of the Doosan RB-10 hammer, the employee attempted to remove the suspenders using a 25-pound rope. When the component was struck, the brace/bolt released a metal splinter that was projected into the lower left limb, becoming embedded.",Stored mechanical energy and projectile energy from the brace/bolt during removal and impact.,The employee was in close proximity to the component and in the potential line of fire while striking/removing it.,"Fatality or life-altering injury, including penetrating trauma, severe laceration, eye injury, or potentially fatal injury if a metal fragment were projected toward a vital body area.","Line-of-fire, restraint, and controlled disassembly barriers were inadequate or ineffective. The component was struck while the worker remained exposed to potential projectile release. Appropriate restraint, controlled removal methods, exclusion zones, and suitable PPE should prevent personnel exposure.",HIGH,pilot_02,v0.3,effective_barrier,High-energy exposure with an explicit protective barrier that may affect the SIF decision.,completed,YES,The repair involved stored mechanical energy and uncontrolled projectile release. A metal splinter was ejected when the brace/bolt was struck and became embedded in the worker's leg. This mechanism could credibly cause serious or fatal injury if the projectile struck a vital body area.,The worker was in the line of fire during removal of the component. The actual event demonstrates that the restraint/disassembly method did not fully control the stored energy. The fact that the fragment struck the lower limb rather than a vital area does not eliminate the SIF potential of the mechanism.,HIGH,adjudicator_01,2026-09-03T09:10:24.069265+00:00
industrial_safety_000403,"When performing shotcrete casting for resane on Cruise 791 Nv. 1940 at 02:50 p.m. approximately, the operator was placed on the left side of the equipment and started the release of 02 cubic meters, at that time decided to paralyze the task for a few minutes due to a leak of water in the roof box that did not allow the adhesion of the shotcrete to the rock (setting). When restarting the shotcrete launch the operator that was on the left side moved to the right side of the equipment, while the assistant and the operator mixkret to see that there was no pumping went to verify what happened and when they returned they realized that the operator was not, so they assume that he had fallen down the chimney, they left the job to ask for help immediately. The emergency response brigade and the medical service are activated, who verify the death of the collaborator. The accident investigation begins.",YES,The operator fell down a chimney/vertical opening while performing underground shotcrete work and died. A fall into a vertical excavation or shaft presents an immediate and credible fatality mechanism.,"During shotcrete application at Cruise 791, Nv. 1940, the operator moved from one side of the equipment to the other. When the crew returned, he was missing and was presumed to have fallen down the chimney. The emergency brigade and medical service responded and confirmed the collaborator's death.",Gravity / fall-from-height energy associated with an unprotected or inadequately controlled vertical chimney/opening.,The operator was working and moving adjacent to the chimney/vertical opening during the shotcrete activity.,"Fatality or life-altering injury from a fall into the vertical opening, including fatal traumatic injury. Fatality actually occurred in this event.","Fall-prevention and access-control barriers were inadequate or ineffective. The vertical opening was apparently accessible to the operator without sufficient protection to prevent a fall. Guarding/barricading, physical covers, controlled access, fall protection where required, and verification of the work area should have prevented the exposure.",HIGH,,v0.3,effective_barrier,High-energy exposure with an explicit protective barrier that may affect the SIF decision.,completed,YES,"The event involved a fall into a vertical chimney/opening, resulting in the worker's death. This is an unequivocal credible fatality mechanism and meets the SIF potential boundary.","The operator was working in the vicinity of the vertical opening and subsequently disappeared, with the crew assuming he had fallen down the chimney. Emergency responders confirmed his death. The narrative supports direct exposure to a fatal fall hazard. The presence or effectiveness of other controls does not remove the SIF potential because the described barrier did not prevent the fatal exposure.",HIGH,adjudicator_01,2026-09-03T09:09:46.987606+00:00
industrial_safety_000013,"In moments that the operator of the Jumbo 2, tried energize your equipment to proceed to the installation of 4 split set at intersection 544 of Nv 3300, remove the lock and opening the electric board of 440V and 400A, and when lifting the thermomagnetic key This makes phase to ground - phase contact with the panel shell - producing a flash which reaches the operator causing the injury described.",YES,"The incident involved exposure to a 440 V, 400 A electrical panel during energization. A phase-to-ground/phase-to-panel fault produced an electrical arc flash that reached the operator. An arc flash at this voltage/current level could result in fatal burns, electrocution, or other life-threatening injuries.","The operator removed the lock, opened the 440 V/400 A electrical board, and lifted the thermomagnetic breaker. This caused phase-to-ground/phase-to-panel contact and an arc flash, which reached and injured the operator.","Electrical energy / arc flash while operating an energized 440 V, 400 A electrical installation.",,"Fatality or life-altering injury, including severe thermal burns, electric shock/electrocution, cardiac arrest, or secondary injuries.","Failed/inadequate electrical isolation and energization controls. The lock was removed and the panel was opened before energization, exposing the operator to hazardous electrical energy. Controls such as verified de-energization, lockout/tagout, absence-of-voltage testing, appropriate panel protection, and arc-flash PPE appear to have been ineffective or not followed.",HIGH,,v0.3,low_energy_cut,Low-energy cut/puncture/blade case; verify NO boundary.,completed,YES,"The event involved 440 V, 400 A electrical energy and a phase-to-ground/phase-to-panel fault that produced an arc flash reaching the operator. This is a credible high-energy mechanism capable of causing severe or fatal injury.","The operator opened the electrical panel and lifted the thermomagnetic breaker, resulting in an electrical fault and arc flash. Direct exposure to the arc flash creates credible potential for severe burns, electrocution, or fatal injury. The event should not be classified under the low-energy cut/puncture boundary.",HIGH,adjudicator_01,2026-09-03T09:08:43.946602+00:00
industrial_safety_000074,"During the placement of the last support mesh cloth of the work, in moments that from the ground the injured collaborator reached the electrowelded mesh to the operator of the scissor bolter positioned in the basket, when pressing on the mesh, one of the protruding ends of the mesh, crosses the leather glove causing an injury in his right hand.",NO,The incident involved a sharp protruding end of electrowelded mesh penetrating the worker's glove and injuring the hand. The described mechanism does not indicate significant stored or high-energy potential capable of causing a fatal or life-altering injury.,"While placing the final support mesh, the injured worker reached the electrowelded mesh toward the scissor bolter operator. When pressing the mesh, a protruding end crossed the leather glove and injured the right hand.",Sharp-edge / puncture hazard from the protruding end of the electrowelded mesh.,The worker's right hand was directly exposed to the protruding mesh end while handling and pressing the mesh.,"Minor to moderate hand injury, such as puncture wounds, lacerations, or localized tissue damage. A SIF-level consequence is not reasonably evident from the narrative.","Material-handling and hand-protection controls were inadequate or could be improved. Protruding mesh ends should be controlled/trimmed or otherwise protected, and task-appropriate cut/puncture-resistant gloves should be used.",HIGH,pilot_02,v0.3,low_energy_cut,Low-energy cut/puncture/blade case; verify NO boundary.,completed,NO,"The event involved a sharp protruding end of electrowelded mesh penetrating a leather glove and injuring the worker's hand. This is a localized, low-energy puncture mechanism without a credible SIF-level pathway in the described event.","The actual hazard was the protruding mesh end, with direct hand exposure during handling. The consequence was a hand injury. Although the glove was penetrated, the narrative does not indicate high-energy movement, significant stored energy, or a mechanism capable of producing a serious or fatal injury.",HIGH,adjudicator_01,2026-09-03T09:07:51.153058+00:00
industrial_safety_000112,The injured woman performed cleaning and when cleaning the sink of the collection room pierced the finger with a fragment of glass.,NO,"finger puncture from a glass fragment is a low-energy, localized mechanical hazard. While cuts can occasionally lead to complications (infection, tendon/nerve damage, or more serious lacerations), the mechanism described here (piercing while cleaning a sink) does not carry the same escalation potential as high-energy hazards (e.g., machinery, falls from height, chemical exposure, electrical). This is best classified as a minor injury / low-severity precursor rather than a genuine SIF-potential event.","""performed cleaning and when cleaning the sink of the collection room pierced the finger with a fragment of glass""","sharp object (glass fragment), low kinetic/contact energy","Direct hand/finger contact with broken glass while cleaning by touch/feel inside a sink, without visual awareness of the hazard (glass fragment hidden from view)","Under a worse-case variation (larger/deeper glass shard, damage to tendons, nerves, or blood vessels in the hand, or subsequent infection), this could escalate to a more serious hand injury; however, life-threatening or permanently disabling outcomes are unlikely from this specific mechanism","Weak/absent — no indication of cut-resistant gloves being worn, no prior inspection/removal of glass hazards from the sink before cleaning, and no visual check of the work area for hidden sharps",HIGH,v0.2_calibration,v0.3,low_energy_cut,Low-energy cut/puncture/blade case; verify NO boundary.,completed,NO,"The event is a localized, low-energy puncture from a glass fragment during cleaning. The described mechanism does not provide a credible pathway to a serious or fatal injury under the SIF boundary.","The actual exposure was direct finger contact with a sharp glass fragment. The reported consequence was a finger puncture. More severe hand injury is theoretically possible, but the narrative does not support a high-energy or SIF-level mechanism. No unsupported escalation or material change is assumed.",HIGH,adjudicator_01,2026-09-03T09:07:08.234042+00:00
