report_id,source,report_type,timestamp,site,location,department,activity,asset,description,unsafe_act,unsafe_condition,near_miss,hi_po,hazards,exposure,potential_consequences,barriers,barrier_status,life_saving_rules,actual_outcome,potential_accident_level,sif_potential,annotation_confidence,annotation_version,source_gender,source_actor_type,normalized_description,duplicate_group_id,duplicate_group_size,is_duplicate,potential_level_numeric,text_length,risk,annotation_round,annotation_status,sif_reason,evidence_text,hazard_notes,exposure_notes,consequence_notes,barrier_notes,annotator_confidence,annotator_id,annotated_at_utc
industrial_safety_000232,industrial_safety_analytics_database,incident,2016-09-20T00:00:00,Country_02,Local_05,Metals,,,"The employee was performing maintenance of the blower, when the residual water projection occurred on his face. In an attempt to remove PPE, the injured person has had contact with contaminated gloves with the right eye causing irritation.",,,,,['Blocking and isolation of energies'],[],[],[],[],[],I,II,YES,,v0.1,Male,Third Party (Remote),the employee was performing maintenance of the blower when the residual water projection occurred on his face in an attempt to remove ppe the injured person has had contact with contaminated gloves with the right eye causing irritation,DUP_0320,1,False,2,239,['Blocking and isolation of energies'],v0.2_calibration,completed,"The incident involved residual process water and contaminated PPE during blower maintenance. Although the reported outcome was eye irritation, the presence of residual energy/material and contaminated gloves created a credible potential for serious eye exposure or other life-altering injury.","During blower maintenance, residual water was projected onto the employee's face. While attempting to remove PPE, the employee's contaminated glove contacted the right eye, causing irritation.","Residual process energy/material and contaminated substances, including residual water and contaminants associated with the blower.",The employee's face and right eye were directly exposed to residual water and contaminated PPE.,"Fatality or life-altering injury is possible from a more hazardous residual substance or greater exposure, particularly severe eye injury or permanent vision impairment.","Energy isolation, draining/depressurization, decontamination, and PPE-removal controls were inadequate or ineffective. Residual material remained in the equipment, and contaminated gloves were able to contact the employee's eye during PPE removal.",HIGH,annotator_01,2026-09-02T09:35:09.168223+00:00
industrial_safety_000382,industrial_safety_analytics_database,incident,2017-04-10T00:00:00,Country_02,Local_02,Mining,,,"Employee to perform painting of the floor of the fuel tank area, he needed cleaning, and by pouring water-thinner on the floor, the bucket slipped out of his hand and the mixture projected onto his left shoulder and lower lip, causing redness and burning.",,,,,['Chemical substances'],[],[],[],[],[],I,II,NO,,v0.1,Male,Third Party,employee to perform painting of the floor of the fuel tank area he needed cleaning and by pouring waterthinner on the floor the bucket slipped out of his hand and the mixture projected onto his left shoulder and lower lip causing redness and burning,DUP_0181,1,False,2,255,['Chemical substances'],v0.2_calibration,completed,"The incident involved a small chemical splash of a water-thinner mixture during floor cleaning. The reported consequence was limited to redness and burning of the shoulder and lower lip, with no indication of high-consequence exposure or a credible fatality mechanism.","While preparing to paint the fuel tank area, the employee poured water-thinner onto the floor for cleaning. The bucket slipped from his hand and the mixture splashed onto his left shoulder and lower lip, causing redness and burning.",Chemical exposure from the water-thinner mixture.,The employee's left shoulder and lower lip were directly exposed to the mixture.,"Minor chemical irritation or burns. Based on the narrative, a SIF-level consequence is not reasonably evident.","Chemical-handling controls were inadequate or could be improved. The bucket slipped during manual handling, resulting in direct exposure. A suitable container, controlled pouring method, and appropriate chemical-resistant PPE would reduce the likelihood of splashes.",HIGH,annotator_01,2026-09-02T09:36:20.822758+00:00
industrial_safety_000198,industrial_safety_analytics_database,incident,2016-08-02T00:00:00,Country_03,Local_10,Others,,,"The mincing team was carrying out activities in the city of Juína and was coordinated by mining technician Felipe a time when the mining technician was last in line and more away from the team, was bitten by a blackjack on the left side of his face. There was no allergic manifestation and the team continued the work. In the afternoon, after lunch, the employee sought medical care, was medicated and released to continue activities the next day.",,,,,['Bees'],[],[],[],[],[],I,I,NO,,v0.1,Male,Third Party,the mincing team was carrying out activities in the city of juína and was coordinated by mining technician felipe a time when the mining technician was last in line and more away from the team was bitten by a blackjack on the left side of his face there was no allergic manifestation and the team continued the work in the afternoon after lunch the employee sought medical care was medicated and released to continue activities the next day,DUP_0340,1,False,1,447,['Bees'],v0.2_calibration,completed,"The reported event was a single insect bite/sting to the face, with no allergic reaction or serious consequence. Although insect stings can rarely cause severe reactions, the narrative provides no evidence of significant exposure or a credible high-consequence mechanism in this case.","The reported event was a single insect bite/sting to the face, with no allergic reaction or serious consequence. Although insect stings can rarely cause severe reactions, the narrative provides no evidence of significant exposure or a credible high-consequence mechanism in this case.",Biological/environmental hazard from an insect/bee-type organism.,The technician was directly exposed to the insect while working outdoors and was bitten on the face.,"Minor injury, such as localized pain, swelling, or irritation. A severe allergic reaction is theoretically possible, but it is not supported by the reported event.","Environmental hazard identification and insect-control/awareness measures could be improved. However, the narrative does not indicate a significant barrier failure.",HIGH,annotator_01,2026-09-02T09:38:10.161671+00:00
industrial_safety_000187,industrial_safety_analytics_database,incident,2016-07-15T00:00:00,Country_02,Local_05,Metals,,,"when handling a sample in the laboratory, the sleeve of the employee's coat had contact with nitric acid, absorbing a small amount that came to reach the left forearm, causing a 1st degree burn.",,,,,['Chemical substances'],[],[],[],[],[],I,II,UNCERTAIN,,v0.1,Female,Employee,when handling a sample in the laboratory the sleeve of the employees coat had contact with nitric acid absorbing a small amount that came to reach the left forearm causing a 1st degree burn,DUP_0376,1,False,2,194,['Chemical substances'],v0.2_calibration,completed,"Nitric acid is a strong oxidizing acid capable of causing severe chemical burns, deep tissue damage, and — with sufficient concentration, volume, or duration of contact (e.g., larger splash, contact with eyes, inhalation of fumes, or delayed detection due to it soaking through clothing) — permanent injury or life-threatening harm. The fact that the coat sleeve absorbed the acid and delayed skin contact suggests the employee may not have noticed immediately, which increases the exposure duration risk in a worse-case version of this same event.Nitric acid is a strong oxidizing acid capable of causing severe chemical burns, deep tissue damage, and — with sufficient concentration, volume, or duration of contact (e.g., larger splash, contact with eyes, inhalation of fumes, or delayed detection due to it soaking through clothing) — permanent injury or life-threatening harm. The fact that the coat sleeve absorbed the acid and delayed skin contact suggests the employee may not have noticed immediately, which increases the exposure duration risk in a worse-case version of this same event.","the sleeve of the employee's coat had contact with nitric acid, absorbing a small amount that came to reach the left forearm, causing a 1st degree burn","Chemical energy — corrosive/oxidizing hazardous substance (nitric acid), a Class A hazard capable of severe tissue damage","Direct skin contact via clothing absorption; sleeve of PPE (coat) absorbed acid, which then reached the left forearm — indicates a control (PPE) was present but was breached or insufficient (permeable/absorbent fabric, no chemical-resistant sleeve or apron)","Under marginally different conditions (higher concentration, larger volume, longer contact time before wash-off, contact with face/eyes, or delayed recognition since the acid soaked through fabric before reaching skin) this could result in severe chemical burns, permanent scarring, or greater bodily harm — meeting SIF severity criteria","Weak/failed barrier — the coat (likely standard lab coat, not chemical-resistant) did not prevent acid penetration to skin. No indication of an apron, acid-resistant sleeve guards, or immediate emergency shower/eyewash use is mentioned. This represents a failed or absent engineering/PPE control for the energy level involved",LOW,annotator_01,2026-09-03T08:34:09.438936+00:00
industrial_safety_000112,industrial_safety_analytics_database,incident,2016-04-26T00:00:00,Country_02,Local_05,Metals,,,The injured woman performed cleaning and when cleaning the sink of the collection room pierced the finger with a fragment of glass.,,,,,['Cut'],[],[],[],[],[],I,II,NO,,v0.1,Female,Third Party,the injured woman performed cleaning and when cleaning the sink of the collection room pierced the finger with a fragment of glass,DUP_0333,1,False,2,131,['Cut'],v0.2_calibration,completed,"finger puncture from a glass fragment is a low-energy, localized mechanical hazard. While cuts can occasionally lead to complications (infection, tendon/nerve damage, or more serious lacerations), the mechanism described here (piercing while cleaning a sink) does not carry the same escalation potential as high-energy hazards (e.g., machinery, falls from height, chemical exposure, electrical). This is best classified as a minor injury / low-severity precursor rather than a genuine SIF-potential event.","""performed cleaning and when cleaning the sink of the collection room pierced the finger with a fragment of glass""","sharp object (glass fragment), low kinetic/contact energy","Direct hand/finger contact with broken glass while cleaning by touch/feel inside a sink, without visual awareness of the hazard (glass fragment hidden from view)","Under a worse-case variation (larger/deeper glass shard, damage to tendons, nerves, or blood vessels in the hand, or subsequent infection), this could escalate to a more serious hand injury; however, life-threatening or permanently disabling outcomes are unlikely from this specific mechanism","Weak/absent — no indication of cut-resistant gloves being worn, no prior inspection/removal of glass hazards from the sink before cleaning, and no visual check of the work area for hidden sharps",HIGH,annotator_01,2026-09-03T08:37:05.283590+00:00
industrial_safety_000250,industrial_safety_analytics_database,incident,2016-10-11T00:00:00,Country_02,Local_05,Metals,,,Employee was doing cleaning near the area of ​​the pneumatic conveyor when he was hit by a drop of sulfuric acid on his upper lip.,,,,,['Chemical substances'],[],[],[],[],[],I,III,NO,,v0.1,Male,Employee,employee was doing cleaning near the area of the pneumatic conveyor when he was hit by a drop of sulfuric acid on his upper lip,DUP_0182,1,False,3,130,['Chemical substances'],v0.2_calibration,completed,"Sulfuric acid is a highly corrosive substance capable of causing severe chemical burns, permanent scarring, and tissue destruction. The contact occurred on the upper lip, a location in close proximity to the eyes, mouth, and airway — a slightly different trajectory or larger volume could have resulted in eye contact (risk of permanent vision loss), mouth/airway exposure, or more extensive facial burns. The fact that this was described as only ""a drop"" is what kept the actual outcome minor; the potential consequence given the hazard energy and proximity to sensitive areas is high.","was hit by a drop of sulfuric acid on his upper lip"" while cleaning near the pneumatic conveyor","Chemical — highly corrosive strong acid (sulfuric acid), likely airborne/splashed from the conveyor system",Direct facial skin contact (upper lip) via an uncontrolled release/splash/drip from process equipment during cleaning activity,"Under a worse-case variation (larger volume, direct eye contact, inhalation of acid mist/fumes, or contact with mucous membranes of mouth/nose), this could result in permanent eye damage, severe facial burns/disfigurement, or respiratory injury — meeting SIF severity criteria","Weak/failed — no indication of face shield, goggles, or splash protection being worn during cleaning near the conveyor; also suggests inadequate containment or isolation of the acid source (e.g., no drip trays, sealed lines, or LOTO) during the cleaning task near an active/residual chemical line",HIGH,annotator_01,2026-09-03T08:40:30.532996+00:00
industrial_safety_000346,industrial_safety_analytics_database,incident,2017-02-17T00:00:00,Country_01,Local_01,Mining,,,"Once the painting of the pumping pipe has been completed, the person involved involuntarily touches his face, with his hand (with gloves) full of paint, and to clean himself he makes use of a dry industrial cloth and begins to rub his face, for a period of time from 30 to 40 seconds continuously, until finally the paint on the face is cleaned, this friction generates the described injury.",,,,,['Chemical substances'],[],[],[],[],[],I,III,YES,,v0.1,Male,Employee,once the painting of the pumping pipe has been completed the person involved involuntarily touches his face with his hand with gloves full of paint and to clean himself he makes use of a dry industrial cloth and begins to rub his face for a period of time from 30 to 40 seconds continuously until finally the paint on the face is cleaned this friction generates the described injury,DUP_0278,1,False,3,391,['Chemical substances'],v0.2_calibration,completed,"The actual injury mechanism here is friction/abrasion from prolonged rubbing with a dry industrial cloth, not the paint chemical itself. While paint exposure to skin/face is undesirable and the cleaning method used was poor practice, this event does not involve a high-energy hazard (no corrosive/toxic chemical injury, no eye contact mentioned, no respiratory exposure). The consequence — skin irritation/abrasion from friction — has low potential to escalate to serious injury or fatality, even under a worse-case variation of the same scenario.","with his hand...full of paint, and to clean himself he makes use of a dry industrial cloth and begins to rub his face, for a period of time from 30 to 40 seconds continuously...this friction generates the described injury""","Mechanical (friction/abrasion) — secondary to a chemical hazard (paint) that was mishandled; the injury-causing mechanism is friction from dry cloth on skin, not the chemical itself","Direct, prolonged (30–40 seconds) friction/rubbing contact between a dry industrial cloth and facial skin, following inadvertent hand-to-face contact with wet paint",": Localized skin abrasion, irritation, or redness from friction; if paint contained irritating/toxic solvents and contact had involved the eyes or mucous membranes instead of general facial skin, the potential consequence could have been more serious (chemical eye injury) — but as described, the realistic escalation potential remains low to moderate, not SIF-level","improper cleaning method used (dry friction instead of appropriate solvent/water-based cleaning or eyewash-type response for facial chemical contact); indicates gaps in training/procedure for skin decontamination after chemical (paint) contact, and glove use did not prevent hand-to-face transfer",MEDIUM,annotator_01,2026-09-03T08:42:54.803434+00:00
industrial_safety_000190,industrial_safety_analytics_database,incident,2016-07-20T00:00:00,Country_02,Local_05,Metals,,,"The employee reports that he was draining ammonia, used as a refrigerant, into a container of water when splashes of the solution drained onto his face.",,,,,['Chemical substances'],[],[],[],[],[],I,III,NO,,v0.1,Male,Employee,the employee reports that he was draining ammonia used as a refrigerant into a container of water when splashes of the solution drained onto his face,DUP_0309,1,False,3,152,['Chemical substances'],v0.2_calibration,completed,"Ammonia is a highly corrosive, toxic, and volatile chemical. As a refrigerant-grade substance, it is typically concentrated, and its reaction with water can be exothermic, generating heat and caustic splash. Facial exposure carries elevated risk of severe chemical burns, eye damage (including permanent vision loss), and respiratory injury from inhaling ammonia vapor/fumes released during the draining process. Even without a stated severe outcome, the combination of hazard energy (concentrated ammonia), exposure route (facial splash), and proximity to eyes/airway meets the threshold for SIF-potential classification.","""draining ammonia, used as a refrigerant, into a container of water when splashes of the solution drained onto his face""","corrosive/toxic substance (ammonia refrigerant), with potential exothermic reaction when combined with water, plus inhalation hazard from vapor release",Direct facial splash contact with the ammonia-water solution during a manual draining/decanting task; likely concurrent inhalation exposure to ammonia fumes given proximity to the face,"Under a worse-case variation (higher ammonia concentration, larger splash volume, direct eye contact, or prolonged inhalation), this could result in permanent eye injury/blindness, severe chemical burns to the face, or respiratory tract damage — clearly meeting SIF severity criteria","Weak/failed — no indication of face shield, chemical splash goggles, or respiratory protection being used during the draining task; also suggests inadequate procedure/engineering controls (e.g., no closed-system transfer, no fume extraction, no controlled-rate draining) for handling a hazardous refrigerant chemical",HIGH,annotator_01,2026-09-03T08:44:56.909275+00:00
industrial_safety_000145,industrial_safety_analytics_database,incident,2016-06-02T00:00:00,Country_02,Local_05,Metals,,,"During the process of washing the material (Becker), the tip of the material was broken which caused a cut of the 5th finger of the right hand",,,,,['Cut'],[],[],[],[],[],I,III,UNCERTAIN,,v0.1,Male,Employee,during the process of washing the material becker the tip of the material was broken which caused a cut of the 5th finger of the right hand,DUP_0151,1,False,3,142,['Cut'],v0.2_calibration,completed,"This event involves breakage of laboratory glassware (a ""Becker,"" likely a Beaker) during a washing task, resulting in a cut to a single finger. This is a low-energy mechanical hazard — the breaking glass produces a sharp edge that caused localized, minor trauma. While cuts can occasionally escalate to tendon, nerve, or vascular damage, the mechanism and body part involved (single finger, 5th digit) do not indicate a realistic pathway to serious injury or fatality, even under a moderately worse-case variation of this scenario.","""During the process of washing the material (Becker), the tip of the material was broken which caused a cut of the 5th finger of the right hand""","harp/broken glass edge (low kinetic energy, contact-type hazard)","direct hand contact with glass labware during a manual washing task; the glassware broke while in-hand or in-contact, exposing the finger to the fractured edge","Under a worse-case variation (deeper cut, damage to tendon/nerve/blood vessel, or a larger glass fragment causing a more severe laceration), this could result in a more serious hand injury requiring surgical repair; however, life-threatening or permanently disabling outcomes are unlikely from this specific mechanism","Weak/absent — no indication that cut-resistant gloves were worn during the glassware washing task, and no mention of an inspection process to identify weakened/cracked glassware before handling",HIGH,annotator_01,2026-09-03T08:46:46.289953+00:00
industrial_safety_000095,industrial_safety_analytics_database,incident,2016-04-05T00:00:00,Country_01,Local_06,Metals,,,"The worker carried out the disassembly of 03 scaffolding bodies in the pulpomatic of the thickener D2251. the dismantling of the base of the scaffold, located approximately one meter high from the floor of the sump, the rivets of the anchor support of the platform were broken, causing the fall of the worker and impacting the right knee with the support that I am anchored in one of the horizontals of the scaffolding structure.",,,,,['Fall prevention (same level)'],[],[],[],[],[],I,III,YES,,v0.1,Male,Third Party,the worker carried out the disassembly of 03 scaffolding bodies in the pulpomatic of the thickener d2251 the dismantling of the base of the scaffold located approximately one meter high from the floor of the sump the rivets of the anchor support of the platform were broken causing the fall of the worker and impacting the right knee with the support that i am anchored in one of the horizontals of the scaffolding structure,DUP_0356,1,False,3,429,['Fall prevention (same level)'],v0.2_calibration,completed,"The worker fell when the scaffold anchoring/support failed. Although the fall height was approximately 1 m, the uncontrolled scaffold failure and impact against a structural support created a credible potential for a serious injury.","During scaffold dismantling, the rivets of the anchor support broke, causing the worker to fall and impact his right knee against a support connected to the scaffold structure.",Scaffold structural failure / fall energy.,Worker was directly exposed to a scaffold collapse/fall while dismantling it at approximately 1 m height.,"Serious impact injury, fracture, crush injury, or potentially more severe injury from scaffold collapse.","Scaffold anchoring/support failed during dismantling, indicating inadequate structural integrity verification or control of the dismantling process.",HIGH,annotator_01,2026-09-03T08:44:14.805226+00:00
industrial_safety_000370,industrial_safety_analytics_database,incident,2017-03-15T00:00:00,Country_02,Local_08,Metals,,,"During the preparation for the solubilization activity of the sample in the chapel, the maid when moving the vial of nitric acid, the same detached from the doser, causing projection in the region of the face and upper limbs.",,,,,['Chemical substances'],[],[],[],[],[],II,IV,YES,,v0.1,Female,Employee,during the preparation for the solubilization activity of the sample in the chapel the maid when moving the vial of nitric acid the same detached from the doser causing projection in the region of the face and upper limbs,DUP_0148,1,False,4,225,['Chemical substances'],v0.2_calibration,completed,"The worker was exposed to nitric acid, a highly corrosive chemical, which was projected toward the face and upper limbs. Facial/eye exposure or significant chemical contact could result in severe or potentially life-threatening injury.","The nitric acid vial detached from the doser, causing a projection toward the worker's face and upper limbs.",Corrosive chemical energy – nitric acid.,"Direct exposure to projected nitric acid, including the face and upper limbs.","Severe chemical burns, serious eye injury, respiratory injury, permanent impairment, or potentially fatal exposure.","Vial/doser connection failed or became detached, allowing uncontrolled chemical release toward the worker.",HIGH,annotator_01,2026-09-03T08:45:08.923342+00:00
industrial_safety_000332,industrial_safety_analytics_database,incident,2017-02-08T00:00:00,Country_01,Local_03,Mining,,,"Being 12:20 hours Approximately, in circumstances that the Administrative SSOMAC, was arranged to move the guillotine of the right side towards the center of the table to make cuts of enmicadas pages, when trying to raise the guillotine the middle finger of the right hand It rubs against the edge of the guillotine blade, causing the cut in the yolk of the third finger of the right hand.",,,,,['Cut'],[],[],[],[],[],II,IV,NO,,v0.1,Male,Third Party,being 1220 hours approximately in circumstances that the administrative ssomac was arranged to move the guillotine of the right side towards the center of the table to make cuts of enmicadas pages when trying to raise the guillotine the middle finger of the right hand it rubs against the edge of the guillotine blade causing the cut in the yolk of the third finger of the right hand,DUP_0084,1,False,4,389,['Cut'],v0.2_calibration,completed,"The incident involved contact with a guillotine blade causing a cut to the finger. Based on the narrative, the exposure was limited to a hand/finger injury and there is no indication of a credible fatal or life-altering consequence.","The worker's right middle finger rubbed against the edge of the guillotine blade, causing a cut to the fingertip.",Sharp blade / mechanical cutting energy.,Direct hand/finger exposure to the guillotine blade while raising it.,"Laceration or more severe finger injury, potentially including tendon/nerve damage or amputation.",Inadequate hand clearance/guarding while manipulating the guillotine blade.,HIGH,annotator_01,2026-09-03T08:43:02.749109+00:00
industrial_safety_000076,industrial_safety_analytics_database,incident,2016-03-18T00:00:00,Country_02,Local_05,Metals,,,"The employee was clearing the liquid zinc pump from oven 04, when he stepped on the platform and became unbalanced with a twist in his left foot.",,,,,['Fall prevention (same level)'],[],[],[],[],[],I,IV,NO,,v0.1,Male,Employee,the employee was clearing the liquid zinc pump from oven 04 when he stepped on the platform and became unbalanced with a twist in his left foot,DUP_0315,1,False,4,145,['Fall prevention (same level)'],v0.2_calibration,completed,"The incident involved a same-level loss of balance and twisting of the foot, with no indication of significant fall height, high-energy release, or credible fatal-injury mechanism.","While clearing the liquid zinc pump, the employee stepped onto the platform, became unbalanced, and twisted his left foot.",Same-level slip/trip/loss of balance; low gravitational energy.,Employee was exposed while walking/working on the platform.,"Sprain, strain, or other minor-to-moderate musculoskeletal injury.","Platform access/working surface allowed a loss of balance, but there is no evidence of a failed critical barrier associated with SIF exposure.",HIGH,annotator_01,2026-09-03T08:42:09.925355+00:00
industrial_safety_000314,industrial_safety_analytics_database,incident,2017-01-20T00:00:00,Country_01,Local_06,Metals,,,"At 15:05 hours, Mr. Cesar Tello-MOINSAC, was carrying out the work of assembling the water line, for that he climbs up the cat ladder and at an approximate height of 2.5 meters he vanishes and falls, hitting himself on the way, being transferred to the medical center for his attention.",,,,,['Fall prevention'],[],[],[],[],[],IV,IV,YES,,v0.1,Male,Third Party (Remote),at 1505 hours mr cesar tellomoinsac was carrying out the work of assembling the water line for that he climbs up the cat ladder and at an approximate height of 25 meters he vanishes and falls hitting himself on the way being transferred to the medical center for his attention,DUP_0029,1,False,4,286,['Fall prevention'],v0.2_calibration,completed,"The worker fell from approximately 2.5 m while climbing a ladder. A fall from this height can result in serious or fatal head, spinal, or other impact injuries.","The worker was assembling a water line, climbed the cat ladder to approximately 2.5 m, then fell and struck himself during the fall, requiring medical attention.",Fall from height / gravitational energy.,Worker was directly exposed to a fall while working approximately 2.5 m above ground on a ladder.,"Severe head injury, spinal injury, fractures, permanent disability, or fatality.",Fall-prevention controls were inadequate or failed to prevent the worker from falling from the ladder.,HIGH,annotator_01,2026-09-03T08:40:58.958735+00:00
industrial_safety_000312,industrial_safety_analytics_database,incident,2017-01-17T00:00:00,Country_02,Local_08,Metals,,,"Upon approaching the furnace that was in the process of melting the Zn ingot, it was struck by liquid metal projection.",,,,,['Liquid Metal'],[],[],[],[],[],I,IV,YES,,v0.1,Male,Employee,upon approaching the furnace that was in the process of melting the zn ingot it was struck by liquid metal projection,DUP_0361,1,False,4,119,['Liquid Metal'],v0.2_calibration,completed,"The worker was exposed to molten/liquid metal during furnace operation. A projection of liquid zinc can cause severe thermal burns, eye injury, or potentially fatal injury depending on the quantity and exposure area.","While approaching the furnace during Zn ingot melting, the worker was struck by a projection of liquid metal.",Molten/liquid metal and extreme thermal energy.,Direct exposure to liquid-metal projection while approaching an operating furnace.,"Severe or extensive thermal burns, eye injury, permanent disability, or fatality.",Insufficient protection/separation from the molten-metal projection zone while approaching the operating furnace.,HIGH,annotator_01,2026-09-03T08:39:58.524492+00:00
industrial_safety_000297,industrial_safety_analytics_database,incident,2016-12-30T00:00:00,Country_01,Local_04,Mining,,,"At 13:40 hours, Mr. Hidalgo, wanting to climb on the starter board to remove the fans, stands on an unstable reel and, when driving, fell frontally at a height of 2.98m.",,,,,['Others'],[],[],[],[],[],IV,V,YES,,v0.1,Male,Third Party,at 1340 hours mr hidalgo wanting to climb on the starter board to remove the fans stands on an unstable reel and when driving fell frontally at a height of 298m,DUP_0025,1,False,5,169,['Others'],v0.2_calibration,completed,"The worker climbed onto an unstable reel and fell from a height of 2.98 m. A fall from this height has credible potential for a serious or fatal injury, particularly from head, neck, or spinal impact.",The worker stood on an unstable reel while attempting to climb onto the starter board and fell frontally from 2.98 m.,Fall from height / gravitational energy.,Worker was directly exposed to a fall while standing on an unstable reel at approximately 3 m elevation.,"Severe head injury, spinal injury, fractures, permanent disability, or fatality.",Inadequate work-at-height controls and unstable access surface; the worker used an unstable reel instead of a safe access platform.,HIGH,annotator_01,2026-09-03T08:38:09.446929+00:00
industrial_safety_000108,industrial_safety_analytics_database,incident,2016-04-21T00:00:00,Country_02,Local_02,Mining,,,"When performing cleaning with LHD in block F 9970 at level 420, the operator was surprised by a rock block displacement of the side of the gallery, reaching his right leg causing him superficial injury",,,,,['Others'],[],[],[],[],[],I,V,YES,,v0.1,Male,Employee,when performing cleaning with lhd in block f 9970 at level 420 the operator was surprised by a rock block displacement of the side of the gallery reaching his right leg causing him superficial injury,DUP_0387,1,False,5,201,['Others'],v0.2_calibration,completed,The operator was exposed to ground/rock-fall hazards while operating an LHD in an underground gallery. A displaced rock block struck the worker's leg; a larger rock fall or impact to the head/torso could have resulted in a serious or fatal injury.,"A rock block displaced from the side of the gallery and struck the operator's right leg, causing a superficial injury.",Uncontrolled ground/rock movement and gravity energy.,Operator was exposed to unstable rock/ground while performing LHD cleaning in the gallery.,"Serious struck-by injury, crushing, fractures, head injury, or fatality.",Ground support/ground-control measures were insufficient to prevent rock displacement into the operator's work area.,HIGH,annotator_01,2026-09-03T08:36:57.790160+00:00
industrial_safety_000361,industrial_safety_analytics_database,incident,2017-03-04T00:00:00,Country_02,Local_02,Mining,,,"The employee, who was hitchhiking, on the CEP 403 truck, equipment, he crossed the central canterio of the track to catch the key of the wheel loader with another operator who was stopped in the opposite direction. Upon returning to the truck, it was hit in the arm left by the loader tire that was traveling along the road and passed the CEP-403 on the right.",,,,,['Vehicles and Mobile Equipment'],[],[],[],[],[],I,V,YES,,v0.1,Male,Employee,the employee who was hitchhiking on the cep 403 truck equipment he crossed the central canterio of the track to catch the key of the wheel loader with another operator who was stopped in the opposite direction upon returning to the truck it was hit in the arm left by the loader tire that was traveling along the road and passed the cep403 on the right,DUP_0325,1,False,5,360,['Vehicles and Mobile Equipment'],v0.2_calibration,completed,"The worker was exposed to moving heavy mobile equipment while crossing the roadway. The loader tire struck his arm, and a small change in position or timing could have resulted in a fatal crushing or run-over incident.","The worker crossed the center of the road to obtain a wheel-loader key. While returning to the truck, the loader tire struck his left arm as the loader passed the CEP-403 truck.",Mobile equipment / vehicle movement and crushing energy.,Worker was on foot in the path/operating area of moving heavy equipment.,"Crushing, amputation, run-over, severe injury, or fatality.",Inadequate separation between pedestrians and mobile equipment; the worker crossed the roadway while the loader was traveling through the area.,HIGH,annotator_01,2026-09-03T08:35:48.588052+00:00
industrial_safety_000331,industrial_safety_analytics_database,incident,2017-02-07T00:00:00,Country_01,Local_03,Mining,,,"In Level 2900 - OP 5 the worker performed the chuteo ore from the hopper to the second car, perceived a slip of water and mud through the hopper, decided to leave the platform and when he was already down the second rung of the ladder of access, the water increases and a fragment of rock slides and hits the back of the worker causing it to fall and hit the right forearm and left knee.",,,,,['remains of choco'],[],[],[],[],[],II,V,YES,,v0.1,Male,Employee,in level 2900  op 5 the worker performed the chuteo ore from the hopper to the second car perceived a slip of water and mud through the hopper decided to leave the platform and when he was already down the second rung of the ladder of access the water increases and a fragment of rock slides and hits the back of the worker causing it to fall and hit the right forearm and left knee,DUP_0220,1,False,5,387,['remains of choco'],v0.2_calibration,completed,"The worker was exposed to a combination of falling rock, water/mud, and fall-from-height hazards while descending a ladder. The rock impact caused a fall, and a similar event could have resulted in a serious or fatal injury.","Water and mud increased through the hopper, a fragment of rock slid and hit the worker's back, causing him to fall and strike his right forearm and left knee.","Falling/sliding rock, water and mud, gravity/fall energy.",Worker was directly exposed while descending the access ladder/platform during ore chuteo.,"Serious struck-by injury, fall-related injury, fractures, head/spinal injury, or fatality.","The worker recognized the water/mud hazard and attempted to leave the platform, but the control was insufficient to prevent the rock from striking him.",HIGH,annotator_01,2026-09-03T08:33:52.003543+00:00
industrial_safety_000140,industrial_safety_analytics_database,incident,2016-05-27T00:00:00,Country_02,Local_02,Mining,,,"When checking voltage at the power outlet of the the plug and socket to make sure the connection was correct, when there was a small electrical arc in the power cord, causing a slight burn in the right hand wrist. The protection system acted immediately.",,,,,['Others'],[],[],[],[],[],I,V,YES,,v0.1,Male,Employee,when checking voltage at the power outlet of the the plug and socket to make sure the connection was correct when there was a small electrical arc in the power cord causing a slight burn in the right hand wrist the protection system acted immediately,DUP_0370,1,False,5,254,['Others'],v0.2_calibration,completed,"The worker was exposed to energized electrical equipment, and an electrical arc occurred. Although the actual injury was minor, electrical shock or arc-flash exposure could potentially have resulted in a serious or fatal injury.","A small electrical arc occurred in the power cord while checking voltage, causing a burn to the right wrist. The protection system acted immediately.",Electrical energy / arc-flash energy,Worker directly exposed to energized plug/socket and power cord while checking voltage.,"Severe burn, electric shock, electrocution, or fatality.","Protection system acted immediately, preventing escalation. However, the worker remained exposed to energized electrical equipment during the task.",HIGH,annotator_01,2026-09-03T08:31:54.118186+00:00
