report_id,source,report_type,timestamp,site,location,department,activity,asset,description,unsafe_act,unsafe_condition,near_miss,hi_po,hazards,exposure,potential_consequences,barriers,barrier_status,life_saving_rules,actual_outcome,potential_accident_level,sif_potential,annotation_confidence,annotation_version,source_gender,source_actor_type,normalized_description,duplicate_group_id,duplicate_group_size,is_duplicate,potential_level_numeric,potential_numeric,actual_numeric,description_length,risk,selection_band,annotation_status,sif_reason,evidence_text,hazard_notes,consequence_notes,barrier_notes,annotator_confidence,annotator_id,annotated_at_utc,exposure_notes
industrial_safety_000013,industrial_safety_analytics_database,incident,2016-02-02T00:00:00,Country_01,Local_01,Mining,,,"In moments that the operator of the Jumbo 2, tried energize your equipment to proceed to the installation of 4 split set at intersection 544 of Nv 3300, remove the lock and opening the electric board of 440V and 400A, and when lifting the thermomagnetic key This makes phase to ground - phase contact with the panel shell - producing a flash which reaches the operator causing the injury described.",,,,,['Electrical installation'],[],[],[],[],[],IV,V,YES,,v0.1,Male,Third Party,in moments that the operator of the jumbo 2 tried energize your equipment to proceed to the installation of 4 split set at intersection 544 of nv 3300 remove the lock and opening the electric board of 440v and 400a and when lifting the thermomagnetic key this makes phase to ground  phase contact with the panel shell  producing a flash which reaches the operator causing the injury described,DUP_0224,1,False,5,5,4,398,['Electrical installation'],high,completed,"The incident involved exposure to a 440 V, 400 A electrical panel during energization. A phase-to-ground/phase-to-panel fault produced an electrical arc flash that reached the operator. An arc flash at this voltage/current level could result in fatal burns, electrocution, or other life-threatening injuries.","The operator removed the lock, opened the 440 V/400 A electrical board, and lifted the thermomagnetic breaker. This caused phase-to-ground/phase-to-panel contact and an arc flash, which reached and injured the operator.","Electrical energy / arc flash while operating an energized 440 V, 400 A electrical installation.","Fatality or life-altering injury, including severe thermal burns, electric shock/electrocution, cardiac arrest, or secondary injuries.","Failed/inadequate electrical isolation and energization controls. The lock was removed and the panel was opened before energization, exposing the operator to hazardous electrical energy. Controls such as verified de-energization, lockout/tagout, absence-of-voltage testing, appropriate panel protection, and arc-flash PPE appear to have been ineffective or not followed.",HIGH,annotator_01,2026-09-02T05:03:01.129483+00:00,
industrial_safety_000166,industrial_safety_analytics_database,incident,2016-06-17T00:00:00,Country_02,Local_08,Metals,,,"At approximately 5:45 pm, the operator Paulo (operator of the filters) informed the autoclave operator via radio of a leak on the side of the scruber. The autoclave III feed was stopped by the control and officials Georli and Renato initiated the procedures for closing the autoclave transfer valve for flash TQs. Soon after, there was a break in the chicken, projecting pulp hot and reaching three employees who were inside the room near the equipment.",,,,,['Not applicable'],[],[],[],[],[],IV,V,YES,,v0.1,Male,Employee,at approximately 545 pm the operator paulo operator of the filters informed the autoclave operator via radio of a leak on the side of the scruber the autoclave iii feed was stopped by the control and officials georli and renato initiated the procedures for closing the autoclave transfer valve for flash tqs soon after there was a break in the chicken projecting pulp hot and reaching three employees who were inside the room near the equipment,DUP_0037,1,False,5,5,4,453,['Not applicable'],high,completed,"The uncontrolled release of hot pulp under pressure from the autoclave/transfer system exposed multiple employees to a high-energy process upset. Contact with hot material could cause severe or fatal burns, and the sudden rupture/release could also cause serious impact or engulfment injuries.","A leak was reported near the scrubber, the autoclave III feed was stopped, and employees began closing the autoclave transfer valve. Shortly afterward, a break occurred, projecting hot pulp and reaching three employees inside the room.",Thermal energy and process pressure associated with hot pulp in the autoclave/transfer system.,"Fatality or life-altering injury, particularly severe thermal burns/scalding, potentially accompanied by impact injuries from the sudden process release.","Process isolation and containment barriers failed or were insufficient. Although the feed was stopped and personnel initiated transfer-valve closure, the system subsequently ruptured/released hot pulp while employees remained in the exposure area. Effective isolation, pressure control/depressurization, leak-response procedures, exclusion zones, and remote operation should prevent personnel exposure to the release.",HIGH,annotator_01,2026-09-02T05:24:27.081517+00:00,Three employees were inside the room near the equipment when the rupture/release occurred and were directly reached by hot pulp.
industrial_safety_000321,industrial_safety_analytics_database,incident,2017-01-25T00:00:00,Country_01,Local_03,Mining,,,"During the process of loading drills in the Carmen pit of level 3450, the operator positions the basket of the anfo loader 186 equipment at a height of 3m from the floor to carry out the loading of the production drills; At this moment, a stone slab of 1.4x0.7x0.2 m is detached from the front of the pit, which is tilted and lodged inside the basket, trapping the right leg of the collaborator.",,,,,['remains of choco'],[],[],[],[],[],V,VI,YES,,v0.1,Male,Third Party,during the process of loading drills in the carmen pit of level 3450 the operator positions the basket of the anfo loader 186 equipment at a height of 3m from the floor to carry out the loading of the production drills at this moment a stone slab of 14x07x02 m is detached from the front of the pit which is tilted and lodged inside the basket trapping the right leg of the collaborator,DUP_0150,1,False,6,6,5,395,['remains of choco'],high,completed,"A large rock slab detached from the pit face while an employee was positioned in the elevated ANFO loader basket. The falling/rolling ground could have caused fatal crushing or traumatic injury, particularly given the employee's proximity and entrapment.","A 1.4 × 0.7 × 0.2 m rock slab detached from the pit front, tilted, and lodged inside the basket, trapping the collaborator's right leg. The basket was approximately 3 m above the floor.","Uncontrolled ground/rockfall energy from loose or unstable rock in the pit face, combined with the elevated work position.","Fatality or life-altering injury from crushing, traumatic amputation, severe fractures, or a larger rockfall striking/engulfing the worker; a fall from the elevated basket could also result in serious injury.","Ground-control and exclusion controls were inadequate or ineffective. The worker and basket were positioned within the potential rockfall zone, and loose/unstable ground was not adequately identified, scaled, barricaded, or otherwise controlled before loading.",HIGH,annotator_01,2026-09-02T05:25:36.761347+00:00,The collaborator was inside the elevated basket directly beneath/in front of the unstable ground when the slab detached.
industrial_safety_000337,industrial_safety_analytics_database,incident,2017-02-09T00:00:00,Country_01,Local_03,Mining,,,"the Spillway circumstances where the worker was cleaning, with the use of an absorbent cloth, oil residues from the right edge of the Atlas AXS-186 compressor, with the bonnet open and in functioning; the rag falls inside the ompressor and in the attempt to remove it, it is hooked on the fan's propeller, pulling the worker's left hand toward the propeller causing the injury.",,,,,['Power lock'],[],[],[],[],[],IV,V,YES,,v0.1,Male,Third Party (Remote),the spillway circumstances where the worker was cleaning with the use of an absorbent cloth oil residues from the right edge of the atlas axs186 compressor with the bonnet open and in functioning the rag falls inside the ompressor and in the attempt to remove it it is hooked on the fans propeller pulling the workers left hand toward the propeller causing the injury,DUP_0351,1,False,5,5,4,377,['Power lock'],high,completed,"The worker was cleaning an operating compressor with the bonnet open and reached toward a rag that had fallen into the rotating fan. The rotating equipment had sufficient mechanical energy to pull the worker's hand into the fan, creating potential for amputation or fatal injury.","The compressor was functioning with the bonnet open. The absorbent cloth fell inside the compressor and became hooked on the fan propeller. When the worker attempted to retrieve it, the fan pulled the worker's left hand toward the rotating component, causing injury.",Mechanical/rotational energy from the compressor's operating fan/propeller.,"Fatality or life-altering injury, including severe laceration, crushing, traumatic amputation, or entanglement.","Machine guarding and energy-isolation controls were inadequate or bypassed. The compressor was operating with the bonnet open, allowing access to the rotating fan. The worker attempted intervention without first stopping and isolating the equipment.",HIGH,annotator_01,2026-09-02T05:27:00.674394+00:00,The worker's left hand was directly exposed to the rotating fan while attempting to retrieve the cloth.
industrial_safety_000342,industrial_safety_analytics_database,incident,2017-02-14T00:00:00,Country_01,Local_03,Mining,,,"In the Nv. 3370, CX 212 - South, when the Mechanic loosens a through bolt of the intermediate cardan protector of the Dumper 01, the protector is released and imprisons the first finger of the left hand against the connector of the hydraulic steering cylinder (Position 2) .",,,,,['Pressed'],[],[],[],[],[],IV,V,YES,,v0.1,Male,Third Party,in the nv 3370 cx 212  south when the mechanic loosens a through bolt of the intermediate cardan protector of the dumper 01 the protector is released and imprisons the first finger of the left hand against the connector of the hydraulic steering cylinder position 2,DUP_0243,1,False,5,5,4,274,['Pressed'],high,completed,The mechanic's finger was caught between a released mechanical protector and a fixed hydraulic steering-cylinder connector. This represents a stored mechanical energy / pinch-point hazard with credible potential for severe crush injury or traumatic amputation.,"While loosening a through bolt on the intermediate cardan protector of Dumper 01, the protector released and trapped the first finger of the mechanic's left hand against the hydraulic steering-cylinder connector.","Stored mechanical energy and uncontrolled movement of the cardan protector, creating a crushing/pinch point.","Fatality or life-altering injury is possible, particularly severe crushing, fracture, loss of tissue, or traumatic amputation of the finger/hand.",Mechanical restraint/support and pinch-point controls were inadequate or ineffective. The protector was not adequately secured against unexpected movement/release before the retaining bolt was loosened.,HIGH,annotator_01,2026-09-02T05:28:14.137681+00:00,The mechanic's left hand/finger was positioned at the pinch point while loosening the retaining bolt.
industrial_safety_000371,industrial_safety_analytics_database,incident,2017-03-18T00:00:00,Country_01,Local_03,Mining,,,"During the activity of changing conveyor belt 11B feeding the primary mill No. 2; the mechanic entered the discharge chute (0.75 x 0.75 x 0.80 m.) to clean the material, at which time the automatic sampler (0.30 x 0.25 m) that was inside the chute was activated, trapping the mechanic at the height of the chest. At the time of the accident the mechanic was alone in the work area.",,,,,['Power lock'],[],[],[],[],[],V,V,YES,,v0.1,Male,Third Party (Remote),during the activity of changing conveyor belt 11b feeding the primary mill no 2 the mechanic entered the discharge chute 075 x 075 x 080 m to clean the material at which time the automatic sampler 030 x 025 m that was inside the chute was activated trapping the mechanic at the height of the chest at the time of the accident the mechanic was alone in the work area,DUP_0117,1,False,5,5,5,381,['Power lock'],high,completed,"The mechanic entered a confined discharge chute while an automatic sampler remained capable of activation. Its unexpected movement trapped the worker at chest level, creating credible potential for fatal crushing, asphyxiation, or other life-altering injury.","During conveyor belt 11B replacement, the mechanic entered the 0.75 × 0.75 × 0.80 m discharge chute to clean material. The automatic sampler activated while he was inside, trapping him at chest height. He was alone in the work area.","Mechanical energy / unexpected movement from the automatically actuated sampler, with additional confined-space entrapment hazard.","Fatality or life-altering injury, including crushing of the chest, traumatic injury, restricted breathing/asphyxiation, or fatal entrapment.","Lockout/tagout and isolation controls were inadequate or ineffective. The automatic sampler was not adequately isolated and secured against unexpected activation before the mechanic entered the chute. The worker also entered a restricted space alone, increasing the severity potential.",HIGH,annotator_01,2026-09-02T05:29:28.004588+00:00,The mechanic was inside the discharge chute within the sampler's operating zone when it activated.
industrial_safety_000372,industrial_safety_analytics_database,incident,2017-03-22T00:00:00,Country_01,Local_06,Metals,,,"Being approximately 20:57 hours of 03/22/2017; during the change of cables between the Z-332 power cell (locked cabinet) and the Z014 transformer; there is a loud noise followed by an oscillation of the electrical system. At that moment the collaborator Queneche of the company EISSA is found on the floor with his head inside an adjoining cell Z-132 (cabinet Not blocked - where he was not assigned to do any work), after having received an electric shock .",,,,,['Power lock'],[],[],[],[],[],V,V,YES,,v0.1,Male,Third Party (Remote),being approximately 2057 hours of 03222017 during the change of cables between the z332 power cell locked cabinet and the z014 transformer there is a loud noise followed by an oscillation of the electrical system at that moment the collaborator queneche of the company eissa is found on the floor with his head inside an adjoining cell z132 cabinet not blocked  where he was not assigned to do any work after having received an electric shock,DUP_0095,1,False,5,5,5,458,['Power lock'],high,completed,"The incident involved electrical energy during cable work, with an electrical event followed by an electric shock that caused the worker to collapse. Exposure to the energized or faulted electrical system could readily result in electrocution or fatal arc-flash injuries.","During cable changes between the Z-332 power cell and Z014 transformer, a loud noise and electrical-system oscillation occurred. The worker was subsequently found on the floor with his head inside the adjacent Z-132 cell, after receiving an electric shock. The Z-132 cabinet was not blocked and was not the worker's assigned work area.","Electrical energy, including potential energized conductors, electrical fault energy, and arc-flash/arc-blast energy.","Fatality or life-altering injury, including electrocution, severe burns, arc-flash injury, cardiac arrest, or traumatic injury from an electrical arc/blast.","Electrical isolation, boundary control, and lockout/tagout barriers were inadequate or ineffective. The adjacent Z-132 cell was not blocked, allowing the worker to enter an electrical compartment where he was not assigned to work. The event also indicates inadequate control/verification of hazardous electrical energy before cable work.",HIGH,annotator_01,2026-09-02T05:30:32.089317+00:00,"The worker was exposed to the electrical system while working on the cable connection and subsequently had his head inside an adjacent, unblocked electrical cell."
industrial_safety_000393,industrial_safety_analytics_database,incident,2017-04-25T00:00:00,Country_02,Local_07,Mining,,,"ACTIVITY: front sanitation (slaughter of choco with scaller) LOCAL: underground mine, level 350 - front 45 Upper JKA The operator performed front sanitation when a rock block from the roof hit the equipment. The accident victim was promptly rescued by the unit's emergency brigade and transported to the outpatient clinic where he received the first care, and was then transferred to the Municipal of Paracatu.",,,,,['remains of choco'],[],[],[],[],[],IV,V,YES,,v0.1,Male,Employee,activity front sanitation slaughter of choco with scaller local underground mine level 350  front 45 upper jka the operator performed front sanitation when a rock block from the roof hit the equipment the accident victim was promptly rescued by the units emergency brigade and transported to the outpatient clinic where he received the first care and was then transferred to the municipal of paracatu,DUP_0001,1,False,5,5,4,410,['remains of choco'],high,completed,"A rock block detached from the underground mine roof and struck the equipment during front sanitation. Underground ground falls can release substantial energy and could cause fatal crushing or burial, even if the reported event did not directly result in a fatality.","During front sanitation (scaling/slaughter of loose rock) at level 350, a rock block from the roof struck the equipment. The injured worker was rescued by the emergency brigade and subsequently transferred for medical care.",Uncontrolled ground/rockfall energy from unstable rock in the underground roof.,"Fatality or life-altering injury, including crushing, severe traumatic injury, or burial/entrapment from a larger ground fall.","Ground-control and scaling controls were inadequate or ineffective. Unstable roof material remained capable of detaching and striking the work equipment. Adequate scaling, ground-support assessment, exclusion of personnel from unsupported ground, and appropriate ground-control measures are critical barriers.",HIGH,annotator_01,2026-09-02T05:31:30.748762+00:00,The operator was working at the underground front directly beneath/near the potentially unstable roof when the rock block detached.
industrial_safety_000401,industrial_safety_analytics_database,incident,2017-05-06T00:00:00,Country_02,Local_07,Mining,,,"The employees Márcio and Sérgio performed the pump pipe clearing activity FZ1.031.4 and during the removal of the suction spool flange bolts, there was projection of pulp over them causing injuries.",,,,,['Projection'],[],[],[],[],[],IV,V,YES,,v0.1,Male,Employee,the employees márcio and sérgio performed the pump pipe clearing activity fz10314 and during the removal of the suction spool flange bolts there was projection of pulp over them causing injuries,DUP_0327,2,True,5,5,4,198,['Projection'],high,completed,"Removing flange bolts from a pump suction spool can release stored pressure and process material unexpectedly. The projection of pulp directly onto two employees demonstrates credible exposure to hazardous process energy, with potential for severe or fatal injury depending on the pulp's temperature, pressure, and composition.","During pump pipe clearing activity FZ1.031.4, employees Márcio and Sérgio were removing suction spool flange bolts when pulp was projected onto them, causing injuries.","Stored pressure/process energy in the pump piping, with uncontrolled release of pulp.","Fatality or life-altering injury, including severe impact/penetration injuries, chemical or thermal burns if the pulp was hazardous, and eye/face injuries.","Isolation, depressurization, and line-of-fire controls were inadequate or ineffective. The flange was opened while hazardous stored energy/material remained capable of being released. Positive isolation, pressure verification, controlled draining/bleeding, and positioning personnel outside the line of fire should have prevented the exposure.",HIGH,annotator_01,2026-09-02T05:32:40.381737+00:00,Two employees were directly in the line of fire while removing the flange bolts and were struck by the projected pulp.
industrial_safety_000403,industrial_safety_analytics_database,incident,2017-05-10T00:00:00,Country_01,Local_04,Mining,,,"When performing shotcrete casting for resane on Cruise 791 Nv. 1940 at 02:50 p.m. approximately, the operator was placed on the left side of the equipment and started the release of 02 cubic meters, at that time decided to paralyze the task for a few minutes due to a leak of water in the roof box that did not allow the adhesion of the shotcrete to the rock (setting). When restarting the shotcrete launch the operator that was on the left side moved to the right side of the equipment, while the assistant and the operator mixkret to see that there was no pumping went to verify what happened and when they returned they realized that the operator was not, so they assume that he had fallen down the chimney, they left the job to ask for help immediately. The emergency response brigade and the medical service are activated, who verify the death of the collaborator. The accident investigation begins.",,,,,['Fall'],[],[],[],[],[],V,V,YES,,v0.1,Male,Third Party,when performing shotcrete casting for resane on cruise 791 nv 1940 at 0250 pm approximately the operator was placed on the left side of the equipment and started the release of 02 cubic meters at that time decided to paralyze the task for a few minutes due to a leak of water in the roof box that did not allow the adhesion of the shotcrete to the rock setting when restarting the shotcrete launch the operator that was on the left side moved to the right side of the equipment while the assistant and the operator mixkret to see that there was no pumping went to verify what happened and when they returned they realized that the operator was not so they assume that he had fallen down the chimney they left the job to ask for help immediately the emergency response brigade and the medical service are activated who verify the death of the collaborator the accident investigation begins,DUP_0389,1,False,5,5,5,904,['Fall'],high,completed,The operator fell down a chimney/vertical opening while performing underground shotcrete work and died. A fall into a vertical excavation or shaft presents an immediate and credible fatality mechanism.,"During shotcrete application at Cruise 791, Nv. 1940, the operator moved from one side of the equipment to the other. When the crew returned, he was missing and was presumed to have fallen down the chimney. The emergency brigade and medical service responded and confirmed the collaborator's death.",Gravity / fall-from-height energy associated with an unprotected or inadequately controlled vertical chimney/opening.,"Fatality or life-altering injury from a fall into the vertical opening, including fatal traumatic injury. Fatality actually occurred in this event.","Fall-prevention and access-control barriers were inadequate or ineffective. The vertical opening was apparently accessible to the operator without sufficient protection to prevent a fall. Guarding/barricading, physical covers, controlled access, fall protection where required, and verification of the work area should have prevented the exposure.",HIGH,annotator_01,2026-09-02T05:33:44.721453+00:00,The operator was working and moving adjacent to the chimney/vertical opening during the shotcrete activity.
industrial_safety_000091,industrial_safety_analytics_database,incident,2016-03-24T00:00:00,Country_03,Local_10,Others,,,"When performing the sleeve removal maneuver, when the hole was 600 meters deep, General da Silva pressed only one side of the locking nut of the rods, which together with the jack, holds the entire weight of the rods in the maneuver. As the locking procedure was not effective, the weight of the rods was only secured by the steel wire rope of the probe winch. At the moment that driller Pedro released the brake of the winch, the inefficacy of the locking done only in one side of the chestnut and without aid of the monkey, caused the sliding of the rods. Auxiliary was prepared for manual unlocking of the rods, holding the faucet key firmly against the probe tower as the composition shifted. As the stems slid, his hands were shifted downward, causing his left hand to strike against the base of the probe tower structure, causing cuts to the 4th and 5th Quirodactyl. employee was taken to the hospital where he went through medical care. wound was sutured with 16 stitches. same was removed for 10 days from his activities.",,,,,['Poll'],[],[],[],[],[],IV,IV,,,v0.1,Male,Third Party,when performing the sleeve removal maneuver when the hole was 600 meters deep general da silva pressed only one side of the locking nut of the rods which together with the jack holds the entire weight of the rods in the maneuver as the locking procedure was not effective the weight of the rods was only secured by the steel wire rope of the probe winch at the moment that driller pedro released the brake of the winch the inefficacy of the locking done only in one side of the chestnut and without aid of the monkey caused the sliding of the rods auxiliary was prepared for manual unlocking of the rods holding the faucet key firmly against the probe tower as the composition shifted as the stems slid his hands were shifted downward causing his left hand to strike against the base of the probe tower structure causing cuts to the 4th and 5th quirodactyl employee was taken to the hospital where he went through medical care wound was sutured with 16 stitches same was removed for 10 days from his activities,DUP_0392,1,False,4,4,4,1029,['Poll'],medium_high,pending,,,,,,,,,
industrial_safety_000106,industrial_safety_analytics_database,incident,2016-04-17T00:00:00,Country_02,Local_05,Metals,,,"Employee reports that when attempting to manually ingot of Zinco, on the rotary table of the L1 ingot, hit with the left hand against the angle in the structure of the ingot, by pressing the finger between the ingot and the angle.",,,,,['Cut'],[],[],[],[],[],I,IV,,,v0.1,Male,Employee,employee reports that when attempting to manually ingot of zinco on the rotary table of the l1 ingot hit with the left hand against the angle in the structure of the ingot by pressing the finger between the ingot and the angle,DUP_0176,1,False,4,4,1,230,['Cut'],medium_high,pending,,,,,,,,,
industrial_safety_000137,industrial_safety_analytics_database,incident,2016-05-24T00:00:00,Country_03,Local_10,Others,,,"During field trip, to return to work after lunch, the employee of the Wellfield company slipped on the loose stones that were in the place. At that moment, with the intention of balancing, he tried hold onto a tree, falling under the right arm causing fracture at the distal end of the radius. The activity was paralyzed and the employee was referred to the Hospital in Paracatu where he underwent medical care.",,,,,['Fall'],[],[],[],[],[],IV,IV,,,v0.1,Male,Third Party,during field trip to return to work after lunch the employee of the wellfield company slipped on the loose stones that were in the place at that moment with the intention of balancing he tried hold onto a tree falling under the right arm causing fracture at the distal end of the radius the activity was paralyzed and the employee was referred to the hospital in paracatu where he underwent medical care,DUP_0110,1,False,4,4,4,411,['Fall'],medium_high,pending,,,,,,,,,
industrial_safety_000183,industrial_safety_analytics_database,incident,2016-07-09T00:00:00,Country_03,Local_10,Others,,,"During execution of drilling on the target - Bolt BRJCLDD0006, made by the company SERVITECFORACO - probe 25, at 09:45 on July 9, 2016, the official Josimar da Silva, in the moment of the maneuver to fish material, when removing the feeder of water, during movement of the winch realized that the safety chain was loose and could curl in the rod. In performing the chain removal movement, he placed his left hand between the hose and the cap of the hydraulic plate. With the unlocking of the inner tube there was an abrupt movement of the chain, pushing his hand towards the hydraulic plate, causing an injury to the ring finger of this hand. The lesion caused a cut in the 4th Quirodactyl, with a need for suture of 3 points to close the cut.",,,,,['Others'],[],[],[],[],[],III,IV,,,v0.1,Male,Third Party,during execution of drilling on the target  bolt brjcldd0006 made by the company servitecforaco  probe 25 at 0945 on july 9 2016 the official josimar da silva in the moment of the maneuver to fish material when removing the feeder of water during movement of the winch realized that the safety chain was loose and could curl in the rod in performing the chain removal movement he placed his left hand between the hose and the cap of the hydraulic plate with the unlocking of the inner tube there was an abrupt movement of the chain pushing his hand towards the hydraulic plate causing an injury to the ring finger of this hand the lesion caused a cut in the 4th quirodactyl with a need for suture of 3 points to close the cut,DUP_0109,1,False,4,4,3,743,['Others'],medium_high,pending,,,,,,,,,
industrial_safety_000202,industrial_safety_analytics_database,incident,2016-08-11T00:00:00,Country_02,Local_12,Others,,,"On leaving the Company the employee stumbled onto the exit ladder of the building and fell 3 steps, causing twisting of the ankle and grating on the cinnamon",,,,,['Others'],[],[],[],[],[],I,IV,,,v0.1,Female,Employee,on leaving the company the employee stumbled onto the exit ladder of the building and fell 3 steps causing twisting of the ankle and grating on the cinnamon,DUP_0270,1,False,4,4,1,157,['Others'],medium_high,pending,,,,,,,,,
industrial_safety_000226,industrial_safety_analytics_database,incident,2016-09-12T00:00:00,Country_01,Local_11,Others,,,"In the city of Conchucos, of Ancash, participating in a patronal feast, representing the company, was mounted on a horse as part of the ceremony throwing fruits and toys to the people attending this public event, the noise of the materials pyrotechnics and people trying to collect the gifts caused the horse in front and very close to her horse to be frightened and kicked back hitting the lower limbs.",,,,,['Others'],[],[],[],[],[],III,IV,,,v0.1,Female,Employee,in the city of conchucos of ancash participating in a patronal feast representing the company was mounted on a horse as part of the ceremony throwing fruits and toys to the people attending this public event the noise of the materials pyrotechnics and people trying to collect the gifts caused the horse in front and very close to her horse to be frightened and kicked back hitting the lower limbs,DUP_0239,1,False,4,4,3,403,['Others'],medium_high,pending,,,,,,,,,
industrial_safety_000230,industrial_safety_analytics_database,incident,2016-09-16T00:00:00,Country_02,Local_05,Metals,,,"Employee reports that he was monitoring the existence of a borehole of a tubing in the thermal recovery boiler of the Ustulation area, through the side window, when he was struck by projection of heated air that reached his face and right forearm.",,,,,['Pressurized Systems'],[],[],[],[],[],II,IV,,,v0.1,Male,Employee,employee reports that he was monitoring the existence of a borehole of a tubing in the thermal recovery boiler of the ustulation area through the side window when he was struck by projection of heated air that reached his face and right forearm,DUP_0173,1,False,4,4,2,247,['Pressurized Systems'],medium_high,pending,,,,,,,,,
industrial_safety_000305,industrial_safety_analytics_database,incident,2017-01-08T00:00:00,Country_02,Local_05,Metals,,,"Employee performed withdrawal of electrical failure in the engine control drawer of the TQ 14 A, after the check and exchange of fuses, it closed the door of the drawer and energized the drawer, at this moment an arc was opened, reaching the face and part of the employee's forearm, causing minor burns.",,,,,['Projection/Burning'],[],[],[],[],[],II,IV,,,v0.1,Male,Employee,employee performed withdrawal of electrical failure in the engine control drawer of the tq 14 a after the check and exchange of fuses it closed the door of the drawer and energized the drawer at this moment an arc was opened reaching the face and part of the employees forearm causing minor burns,DUP_0168,1,False,4,4,2,303,['Projection/Burning'],medium_high,pending,,,,,,,,,
industrial_safety_000308,industrial_safety_analytics_database,incident,2017-01-10T00:00:00,Country_03,Local_10,Others,,,"The auxiliary of general services I, Paulo e Silva, with 5 months and 10 days of work, was performing the activity of soil collection. During the movement of equipment to the next point, holding a lever, it encountered a piece of sloping ground and with interlaced vegetation, which caused the fall of the to the left, the same side where the tool was held. The rapid fall prevented the employee from leaning, causing a shock of the elbow with the ground. The employee continued the activity for another 3 points of sample collection until he felt the arm bothering.",,,,,['Fall prevention'],[],[],[],[],[],I,IV,,,v0.1,Male,Third Party,the auxiliary of general services i paulo e silva with 5 months and 10 days of work was performing the activity of soil collection during the movement of equipment to the next point holding a lever it encountered a piece of sloping ground and with interlaced vegetation which caused the fall of the to the left the same side where the tool was held the rapid fall prevented the employee from leaning causing a shock of the elbow with the ground the employee continued the activity for another 3 points of sample collection until he felt the arm bothering,DUP_0287,1,False,4,4,1,566,['Fall prevention'],medium_high,pending,,,,,,,,,
industrial_safety_000340,industrial_safety_analytics_database,incident,2017-02-13T00:00:00,Country_02,Local_05,Metals,,,"During the maintenance of the peristaltic pump 02BP0166 to change the internal hose, the rupture tubing of the reserve pump 02BP0167 ruptured after it started to operate, designing solution heated towards the employee, reaching his left forearm causing irritation in the skin.",,,,,['Projection'],[],[],[],[],[],I,IV,,,v0.1,Male,Employee,during the maintenance of the peristaltic pump 02bp0166 to change the internal hose the rupture tubing of the reserve pump 02bp0167 ruptured after it started to operate designing solution heated towards the employee reaching his left forearm causing irritation in the skin,DUP_0137,1,False,4,4,1,276,['Projection'],medium_high,pending,,,,,,,,,
industrial_safety_000341,industrial_safety_analytics_database,incident,2017-02-13T00:00:00,Country_02,Local_05,Metals,,,"During the maintenance of the peristaltic pump 02BP0166 to change the internal hose, the rupture tubing of the reserve pump 02BP0167 was disrupted, after it started to operate, designing solution heated towards the employee, reaching his left forearm, causing a burn .",,,,,['Burn'],[],[],[],[],[],III,IV,,,v0.1,Male,Employee,during the maintenance of the peristaltic pump 02bp0166 to change the internal hose the rupture tubing of the reserve pump 02bp0167 was disrupted after it started to operate designing solution heated towards the employee reaching his left forearm causing a burn,DUP_0138,1,False,4,4,3,268,['Burn'],medium_high,pending,,,,,,,,,
industrial_safety_000350,industrial_safety_analytics_database,incident,2017-02-25T00:00:00,Country_01,Local_01,Mining,,,"During the mining cycle at the Chimney 410; before starting with the drilling work to anchor the lane of the alimak system, the collaborator squat to pick up a manual tool that is on the platform; it is at this moment that the jackleg team loses its position and projects towards the back of the collaborator generating the injury.",,,,,['Fall'],[],[],[],[],[],IV,IV,,,v0.1,Male,Third Party (Remote),during the mining cycle at the chimney 410 before starting with the drilling work to anchor the lane of the alimak system the collaborator squat to pick up a manual tool that is on the platform it is at this moment that the jackleg team loses its position and projects towards the back of the collaborator generating the injury,DUP_0143,1,False,4,4,4,331,['Fall'],medium_high,pending,,,,,,,,,
industrial_safety_000390,industrial_safety_analytics_database,incident,2017-04-19T00:00:00,Country_03,Local_10,Others,,,"On 04/19/2017, the employee de Lima da Silva was composing the team of opening of bite to survey of IP. The team consisted of one mining technician and three assistants. When was moving in the bite he touched his left foot on a stump of Tucum that was on the ground covered with dry leaves of vegetation near drainage. When he felt the thorn piercing on his foot, he told the mining technician what had happened and the teammate removed the thorn that pierced the top of the boot. After removal of the spine the foot was washed and it was verified that there was no other injury. After the event the technician waxed the activity and returned to the city of Porangatu / GO. It was not necessary to take the employee to the health unit.",,,,,['Others'],[],[],[],[],[],I,IV,,,v0.1,Male,Third Party,on 04192017 the employee de lima da silva was composing the team of opening of bite to survey of ip the team consisted of one mining technician and three assistants when was moving in the bite he touched his left foot on a stump of tucum that was on the ground covered with dry leaves of vegetation near drainage when he felt the thorn piercing on his foot he told the mining technician what had happened and the teammate removed the thorn that pierced the top of the boot after removal of the spine the foot was washed and it was verified that there was no other injury after the event the technician waxed the activity and returned to the city of porangatu  go it was not necessary to take the employee to the health unit,DUP_0266,1,False,4,4,1,735,['Others'],medium_high,pending,,,,,,,,,
industrial_safety_000430,industrial_safety_analytics_database,incident,2017-06-19T00:00:00,Country_03,Local_10,Others,,,"During the execution of the task of assembling the box of testimony boxes, in the area of ​​Bonsucesso, around 10:40 am Orlando research driller - GEOSOL, trying to fit two parts of the trestles, a third piece fell on his hand, which was on the piece he held, causing a small trauma to his left thumb. The employee was referred to São Lucas hospital - Paracatu LTDA and attended and released without leaving work soon after.",,,,,['Others'],[],[],[],[],[],III,IV,,,v0.1,Male,Third Party,during the execution of the task of assembling the box of testimony boxes in the area of bonsucesso around 1040 am orlando research driller  geosol trying to fit two parts of the trestles a third piece fell on his hand which was on the piece he held causing a small trauma to his left thumb the employee was referred to são lucas hospital  paracatu ltda and attended and released without leaving work soon after,DUP_0132,1,False,4,4,3,424,['Others'],medium_high,pending,,,,,,,,,
industrial_safety_000431,industrial_safety_analytics_database,incident,2017-06-22T00:00:00,Country_03,Local_10,Others,,,"The technician was returning from his activities on the bite, when he stepped on a loose rock over a sloping region. She released herself unbalancing the employee who stepped on false, twisting her ankle.",,,,,['Others'],[],[],[],[],[],I,IV,,,v0.1,Male,Employee,the technician was returning from his activities on the bite when he stepped on a loose rock over a sloping region she released herself unbalancing the employee who stepped on false twisting her ankle,DUP_0354,1,False,4,4,1,204,['Others'],medium_high,pending,,,,,,,,,
industrial_safety_000005,industrial_safety_analytics_database,incident,2016-01-12T00:00:00,Country_02,Local_05,Metals,,,"During the unloading operation of the ustulado Bag there was a need to unclog the discharge mouth of the silo truck. In performing this procedure, there was a maneuver of unhooking the hose without the total depressurisation of the mouth, projecting ustulado powder in the collaborator caused irritation in the eyes.",,,,,['Pressurized Systems'],[],[],[],[],[],I,III,,,v0.1,Male,Third Party (Remote),during the unloading operation of the ustulado bag there was a need to unclog the discharge mouth of the silo truck in performing this procedure there was a maneuver of unhooking the hose without the total depressurisation of the mouth projecting ustulado powder in the collaborator caused irritation in the eyes,DUP_0159,1,False,3,3,1,316,['Pressurized Systems'],medium,pending,,,,,,,,,
industrial_safety_000006,industrial_safety_analytics_database,incident,2016-01-16T00:00:00,Country_02,Local_05,Metals,,,"The collaborator reports that he was on street 09 holding in his left hand the volumetric balloon, when he slipped and when placing his hand on the ground the volumetric balloon ended up breaking caused a small wound in his left hand.",,,,,['Fall prevention (same level)'],[],[],[],[],[],I,III,,,v0.1,Male,Employee,the collaborator reports that he was on street 09 holding in his left hand the volumetric balloon when he slipped and when placing his hand on the ground the volumetric balloon ended up breaking caused a small wound in his left hand,DUP_0293,1,False,3,3,1,234,['Fall prevention (same level)'],medium,pending,,,,,,,,,
industrial_safety_000014,industrial_safety_analytics_database,incident,2016-02-04T00:00:00,Country_02,Local_05,Metals,,,"Due to the accumulation of Waelz on the conveyor and trailer of the Filter 08FI0502, the employee performed the cleaning of the shutter using the air lance, when he was surprised by the fall of the product that was above the door, passing between the neck and the collar of the aramid jacket and causing burn in the neck and shoulder.",,,,,['Confined space'],[],[],[],[],[],I,III,,,v0.1,Male,Employee,due to the accumulation of waelz on the conveyor and trailer of the filter 08fi0502 the employee performed the cleaning of the shutter using the air lance when he was surprised by the fall of the product that was above the door passing between the neck and the collar of the aramid jacket and causing burn in the neck and shoulder,DUP_0107,1,False,3,3,1,334,['Confined space'],medium,pending,,,,,,,,,
industrial_safety_000056,industrial_safety_analytics_database,incident,2016-03-02T00:00:00,Country_01,Local_06,Metals,,,"During the start of the neutral leaching process, the employee Jhonatan proceeds to open the air valve of the tank Airlift a circumstance in which the process solution returns through the chimney, the solution coming into contact with the arm and right foot.",,,,,['Blocking and isolation of energies'],[],[],[],[],[],I,III,,,v0.1,Male,Employee,during the start of the neutral leaching process the employee jhonatan proceeds to open the air valve of the tank airlift a circumstance in which the process solution returns through the chimney the solution coming into contact with the arm and right foot,DUP_0154,1,False,3,3,1,258,['Blocking and isolation of energies'],medium,pending,,,,,,,,,
industrial_safety_000101,industrial_safety_analytics_database,incident,2016-04-14T00:00:00,Country_02,Local_08,Metals,,,"During the cleaning of the 16 ""vertical pipe using the hydrojet equipment (high pressure hose), the hose returned due to obstruction of the pipe with residue, reaching the operator who was actuating the equipment pedal .",,,,,['Pressurized Systems'],[],[],[],[],[],I,III,,,v0.1,Male,Employee,during the cleaning of the 16 vertical pipe using the hydrojet equipment high pressure hose the hose returned due to obstruction of the pipe with residue reaching the operator who was actuating the equipment pedal,DUP_0123,1,False,3,3,1,220,['Pressurized Systems'],medium,pending,,,,,,,,,
industrial_safety_000134,industrial_safety_analytics_database,incident,2016-05-22T00:00:00,Country_02,Local_08,Metals,,,"During the maintenance on the LX-P-205B pump, there was the projection of silicate pulp, reaching the right leg of the employee.",,,,,['Blocking and isolation of energies'],[],[],[],[],[],I,III,,,v0.1,Male,Employee,during the maintenance on the lxp205b pump there was the projection of silicate pulp reaching the right leg of the employee,DUP_0139,1,False,3,3,1,128,['Blocking and isolation of energies'],medium,pending,,,,,,,,,
industrial_safety_000189,industrial_safety_analytics_database,incident,2016-07-18T00:00:00,Country_01,Local_06,Metals,,,"At 21:15 hours on 07/18/2016, the collaborator Warrin (welder), when trying to inspect a cracking point in the INLET of the G2143 laminator, slips and falls to the same level hitting his face and hand , he was immediately transferred to the medical service for evaluation.",,,,,['Fall prevention (same level)'],[],[],[],[],[],I,III,,,v0.1,Male,Third Party,at 2115 hours on 07182016 the collaborator warrin welder when trying to inspect a cracking point in the inlet of the g2143 laminator slips and falls to the same level hitting his face and hand  he was immediately transferred to the medical service for evaluation,DUP_0031,1,False,3,3,1,272,['Fall prevention (same level)'],medium,pending,,,,,,,,,
industrial_safety_000205,industrial_safety_analytics_database,incident,2016-08-14T00:00:00,Country_02,Local_08,Metals,,,"The employee Mr. Nilton made the opening of the visit to unclog, at this moment occurred projection of hot material, occurring the accident.",,,,,['Projection'],[],[],[],[],[],I,III,,,v0.1,Male,Employee,the employee mr nilton made the opening of the visit to unclog at this moment occurred projection of hot material occurring the accident,DUP_0298,1,False,3,3,1,140,['Projection'],medium,pending,,,,,,,,,
industrial_safety_000246,industrial_safety_analytics_database,incident,2016-10-04T00:00:00,Country_03,Local_10,Others,,,"In the probe 5068 bore BAPDD00146, around 15:00 hours, the polling assistant Luciano da Silva performing the maneuver of descending rods, led the rod to the gutter, but this when not leaning suitably came to escape the gutter returning toward the easel. His hand had slipped and his little finger was between the rod and the easel. Realizing that the shaft had returned, he released it. immediately, but his little finger was partially hit by the rim of the rod against the easel resulting in a cut. The auxiliary was taken to hospital and attended to, the wound resulted in 5 points and the was released for administrative activities.",,,,,['Others'],[],[],[],[],[],III,III,,,v0.1,Male,Employee,in the probe 5068 bore bapdd00146 around 1500 hours the polling assistant luciano da silva performing the maneuver of descending rods led the rod to the gutter but this when not leaning suitably came to escape the gutter returning toward the easel his hand had slipped and his little finger was between the rod and the easel realizing that the shaft had returned he released it immediately but his little finger was partially hit by the rim of the rod against the easel resulting in a cut the auxiliary was taken to hospital and attended to the wound resulted in 5 points and the was released for administrative activities,DUP_0244,1,False,3,3,3,635,['Others'],medium,pending,,,,,,,,,
industrial_safety_000255,industrial_safety_analytics_database,incident,2016-10-20T00:00:00,Country_02,Local_05,Metals,,,"As the employee cleaned the thermal recovery boiler using an air boom, the hose loosened from the pipe connection, drawing a jet of compressed air toward his right ear, causing impact noise.",,,,,['Pressurized Systems'],[],[],[],[],[],I,III,,,v0.1,Male,Employee,as the employee cleaned the thermal recovery boiler using an air boom the hose loosened from the pipe connection drawing a jet of compressed air toward his right ear causing impact noise,DUP_0020,1,False,3,3,1,190,['Pressurized Systems'],medium,pending,,,,,,,,,
industrial_safety_000319,industrial_safety_analytics_database,incident,2017-01-24T00:00:00,Country_02,Local_05,Metals,,,"Employee was transiting the GRS area when he came to slip, suffering a twist in his left knee.",,,,,['Fall'],[],[],[],[],[],I,III,,,v0.1,Male,Third Party (Remote),employee was transiting the grs area when he came to slip suffering a twist in his left knee,DUP_0189,1,False,3,3,1,94,['Fall'],medium,pending,,,,,,,,,
industrial_safety_000335,industrial_safety_analytics_database,incident,2017-02-08T00:00:00,Country_01,Local_04,Mining,,,The injured collaborator and one of his colleagues wanted to move a rim of a scoop tire for which using their own strength they threw the rim to the floor to make it roll and in that instant the eyelash hits the fifth finger of the right hand against the ring producing the injury.,,,,,['Cut'],[],[],[],[],[],II,III,,,v0.1,Male,Third Party,the injured collaborator and one of his colleagues wanted to move a rim of a scoop tire for which using their own strength they threw the rim to the floor to make it roll and in that instant the eyelash hits the fifth finger of the right hand against the ring producing the injury,DUP_0332,1,False,3,3,2,281,['Cut'],medium,pending,,,,,,,,,
industrial_safety_000336,industrial_safety_analytics_database,incident,2017-02-08T00:00:00,Country_01,Local_06,Metals,,,"When averaging 04:30 am, the operator Daniel removed cleaning accessories under the mobile channel of line 01, for which he supported his left hand on the rail that was in motion. At that moment the crushing of the 2nd finger of the left hand occurs; the injury occurs. The collaborator is referred to the Medical for care.",,,,,['Machine Protection'],[],[],[],[],[],I,III,,,v0.1,Male,Employee,when averaging 0430 am the operator daniel removed cleaning accessories under the mobile channel of line 01 for which he supported his left hand on the rail that was in motion at that moment the crushing of the 2nd finger of the left hand occurs the injury occurs the collaborator is referred to the medical for care,DUP_0366,1,False,3,3,1,323,['Machine Protection'],medium,pending,,,,,,,,,
industrial_safety_000366,industrial_safety_analytics_database,incident,2017-03-09T00:00:00,Country_02,Local_05,Metals,,,"Employee was performing maintenance on filter press, in the Filtration area (GRS). When he dismantled the hose clamp in a turning motion, he had contact with the burr of the tip of one of the screws that was exposed, causing him a cut in his glove and wound in the 3rd quirodactilo of the left hand.",,,,,['Machine Protection'],[],[],[],[],[],I,III,,,v0.1,Male,Third Party,employee was performing maintenance on filter press in the filtration area grs when he dismantled the hose clamp in a turning motion he had contact with the burr of the tip of one of the screws that was exposed causing him a cut in his glove and wound in the 3rd quirodactilo of the left hand,DUP_0185,1,False,3,3,1,299,['Machine Protection'],medium,pending,,,,,,,,,
industrial_safety_000416,industrial_safety_analytics_database,incident,2017-06-09T00:00:00,Country_01,Local_06,Metals,,,"Mr. Emerson was moving trays; when climbing the staircase that gives access to the former dining room and finding himself on the last step, he slips and falls to the floor; supporting the body forward, suffering blows to the right knee with the floor, as well as in the nose with the metal trays it was carrying, causing a cut in the nose and ematoma in the knee.",,,,,['Fall'],[],[],[],[],[],I,III,,,v0.1,Male,Third Party,mr emerson was moving trays when climbing the staircase that gives access to the former dining room and finding himself on the last step he slips and falls to the floor supporting the body forward suffering blows to the right knee with the floor as well as in the nose with the metal trays it was carrying causing a cut in the nose and ematoma in the knee,DUP_0255,1,False,3,3,1,363,['Fall'],medium,pending,,,,,,,,,
industrial_safety_000120,industrial_safety_analytics_database,incident,2016-05-04T00:00:00,Country_03,Local_10,Others,,,"When performing geological mapping activity, it was necessary to hammer a rock for analysis, at the moment when the clerk held it, a pointed fragment slipped on the third quirodactyl of the right hand causing a superficial cut.",,,,,['Manual Tools'],[],[],[],[],[],I,I,,,v0.1,Male,Third Party,when performing geological mapping activity it was necessary to hammer a rock for analysis at the moment when the clerk held it a pointed fragment slipped on the third quirodactyl of the right hand causing a superficial cut,DUP_0388,1,False,1,1,1,227,['Manual Tools'],lower,pending,,,,,,,,,
industrial_safety_000164,industrial_safety_analytics_database,incident,2016-06-18T00:00:00,Country_03,Local_10,Others,,,"While traveling in the field in order to make geological mapping, the geologist Manoel who was accompanied by the prospector Marcos stooped to deviate from the vegetation, at that time, received three whistling stings being them, two on the face and one on the neck. There was no allergic reaction and activities followed normally after the event.",,,,,['Bees'],[],[],[],[],[],I,I,,,v0.1,Male,Employee,while traveling in the field in order to make geological mapping the geologist manoel who was accompanied by the prospector marcos stooped to deviate from the vegetation at that time received three whistling stings being them two on the face and one on the neck there was no allergic reaction and activities followed normally after the event,DUP_0411,1,False,1,1,1,347,['Bees'],lower,pending,,,,,,,,,
industrial_safety_000165,industrial_safety_analytics_database,incident,2016-06-18T00:00:00,Country_03,Local_10,Others,,,"When moving in the field to make geological mapping, the prospector Marcos who was accompanied by the geologist Manoel stooped to deviate from the vegetation, at that moment, received a whistling sting in the ring finger of his right hand. There was no allergic reaction and activities followed normally after the event.",,,,,['Bees'],[],[],[],[],[],I,I,,,v0.1,Male,Third Party,when moving in the field to make geological mapping the prospector marcos who was accompanied by the geologist manoel stooped to deviate from the vegetation at that moment received a whistling sting in the ring finger of his right hand there was no allergic reaction and activities followed normally after the event,DUP_0383,1,False,1,1,1,320,['Bees'],lower,pending,,,,,,,,,
industrial_safety_000191,industrial_safety_analytics_database,incident,2016-07-21T00:00:00,Country_02,Local_12,Others,,,"At the Eusébio bridge, there was a sudden braking in which several cars had to brake quickly. The collaborator's car failed to stop in time and collided with the rear of the car ahead. They were about 40km / hour.",,,,,['Traffic'],[],[],[],[],[],I,II,,,v0.1,Female,Employee,at the eusébio bridge there was a sudden braking in which several cars had to brake quickly the collaborators car failed to stop in time and collided with the rear of the car ahead they were about 40km  hour,DUP_0063,1,False,2,2,1,213,['Traffic'],lower,pending,,,,,,,,,
industrial_safety_000214,industrial_safety_analytics_database,incident,2016-08-27T00:00:00,Country_01,Local_06,Metals,,,"At 22:50 hours in row 12 when the cell suction partner removes the suction hose, untimely splashes of electrolyte solution in the left eye. Immediately he was referred to the medical service.",,,,,['Pressurized Systems / Chemical Substances'],[],[],[],[],[],I,II,,,v0.1,Male,Employee,at 2250 hours in row 12 when the cell suction partner removes the suction hose untimely splashes of electrolyte solution in the left eye immediately he was referred to the medical service,DUP_0032,1,False,2,2,1,191,['Pressurized Systems / Chemical Substances'],lower,pending,,,,,,,,,
industrial_safety_000231,industrial_safety_analytics_database,incident,2016-09-20T00:00:00,Country_03,Local_10,Others,,,"Collaborator around 9:00 AM, cleaning the leaves of the return well of the 5021 borehole BRAPDD 0183 slipped on the canvas that was on the edge of the well, hitting the right side of the back against the metal structure of the mud-swathed box causing a slight excoriation. The employee was referred to the local hospital, medicated and released for the activities.",,,,,['Fall'],[],[],[],[],[],I,I,,,v0.1,Male,Third Party,collaborator around 900 am cleaning the leaves of the return well of the 5021 borehole brapdd 0183 slipped on the canvas that was on the edge of the well hitting the right side of the back against the metal structure of the mudswathed box causing a slight excoriation the employee was referred to the local hospital medicated and released for the activities,DUP_0105,1,False,1,1,1,364,['Fall'],lower,pending,,,,,,,,,
industrial_safety_000320,industrial_safety_analytics_database,incident,2017-01-24T00:00:00,Country_03,Local_10,Others,,,"On 01/24/2017, at 12:25 a.m., during the activity of collecting soil, the collaborator Milton ran into a branch and was attacked by maribondos. He was bitten twice in the head. No pain, swelling and no allergic symptoms continued with their activities.",,,,,['Venomous Animals'],[],[],[],[],[],I,I,,,v0.1,Male,Third Party,on 01242017 at 1225 am during the activity of collecting soil the collaborator milton ran into a branch and was attacked by maribondos he was bitten twice in the head no pain swelling and no allergic symptoms continued with their activities,DUP_0261,1,False,1,1,1,252,['Venomous Animals'],lower,pending,,,,,,,,,
industrial_safety_000327,industrial_safety_analytics_database,incident,2017-02-01T00:00:00,Country_03,Local_10,Others,,,"On 01/02/2017, at 10:15 a.m., when performing the Soil activity, the collaborator Alex used a pickaxe to assist in the opening of the collection hole. As he struck the ferranta on the ground, he had a fragment of rock projected on his forehead causing a small cut. The activity was paralyzed for a few moments and it was not necessary to go to the doctor, the employee continued the activities normally.",,,,,['Projection/Choco'],[],[],[],[],[],I,II,,,v0.1,Male,Third Party,on 01022017 at 1015 am when performing the soil activity the collaborator alex used a pickaxe to assist in the opening of the collection hole as he struck the ferranta on the ground he had a fragment of rock projected on his forehead causing a small cut the activity was paralyzed for a few moments and it was not necessary to go to the doctor the employee continued the activities normally,DUP_0260,1,False,2,2,1,403,['Projection/Choco'],lower,pending,,,,,,,,,
industrial_safety_000343,industrial_safety_analytics_database,incident,2017-02-15T00:00:00,Country_03,Local_10,Others,,,"On 02/15/2017 at 3:27 pm, when performing the Magnetometric using GPS, the collaborator Antônio bumped the top of the field hat on a branch and was attacked by maribondos. He was bitten behind the ear and another on the shoulder, but he continued his activity because he felt no pain or swelling.",,,,,['Venomous Animals'],[],[],[],[],[],I,I,,,v0.1,Male,Third Party,on 02152017 at 327 pm when performing the magnetometric using gps the collaborator antônio bumped the top of the field hat on a branch and was attacked by maribondos he was bitten behind the ear and another on the shoulder but he continued his activity because he felt no pain or swelling,DUP_0263,1,False,1,1,1,296,['Venomous Animals'],lower,pending,,,,,,,,,
industrial_safety_000418,industrial_safety_analytics_database,incident,2017-06-11T00:00:00,Country_01,Local_04,Mining,,,"In circumstances where the worker and two partners were placing a killer bomb in the basket of a Manitou team, the bomb hits the index finger of the right hand against the basket.",,,,,['Pressed'],[],[],[],[],[],I,II,,,v0.1,Male,Employee,in circumstances where the worker and two partners were placing a killer bomb in the basket of a manitou team the bomb hits the index finger of the right hand against the basket,DUP_0217,1,False,2,2,1,179,['Pressed'],lower,pending,,,,,,,,,
