report_id,source,report_type,timestamp,site,location,department,activity,asset,description,unsafe_act,unsafe_condition,near_miss,hi_po,hazards,exposure,potential_consequences,barriers,barrier_status,life_saving_rules,actual_outcome,potential_accident_level,sif_potential,annotation_confidence,annotation_version,source_gender,source_actor_type,normalized_description,duplicate_group_id,duplicate_group_size,is_duplicate,potential_level_numeric,potential_numeric,actual_numeric,description_length,risk,selection_band,annotation_status,sif_reason,evidence_text,hazard_notes,consequence_notes,barrier_notes,annotator_confidence,annotator_id,annotated_at_utc,exposure_notes,text_length,length_distance,annotation_round,final_sif_potential,label_source,is_uncertain,usable_for_binary_sif_model
industrial_safety_000013,industrial_safety_analytics_database,incident,2016-02-02T00:00:00,Country_01,Local_01,Mining,,,"In moments that the operator of the Jumbo 2, tried energize your equipment to proceed to the installation of 4 split set at intersection 544 of Nv 3300, remove the lock and opening the electric board of 440V and 400A, and when lifting the thermomagnetic key This makes phase to ground - phase contact with the panel shell - producing a flash which reaches the operator causing the injury described.",,,,,['Electrical installation'],[],[],[],[],[],IV,V,YES,,v0.1,Male,Third Party,in moments that the operator of the jumbo 2 tried energize your equipment to proceed to the installation of 4 split set at intersection 544 of nv 3300 remove the lock and opening the electric board of 440v and 400a and when lifting the thermomagnetic key this makes phase to ground  phase contact with the panel shell  producing a flash which reaches the operator causing the injury described,DUP_0224,1,False,5,5.0,4.0,398.0,['Electrical installation'],high,completed,"The incident involved exposure to a 440 V, 400 A electrical panel during energization. A phase-to-ground/phase-to-panel fault produced an electrical arc flash that reached the operator. An arc flash at this voltage/current level could result in fatal burns, electrocution, or other life-threatening injuries.","The operator removed the lock, opened the 440 V/400 A electrical board, and lifted the thermomagnetic breaker. This caused phase-to-ground/phase-to-panel contact and an arc flash, which reached and injured the operator.","Electrical energy / arc flash while operating an energized 440 V, 400 A electrical installation.","Fatality or life-altering injury, including severe thermal burns, electric shock/electrocution, cardiac arrest, or secondary injuries.","Failed/inadequate electrical isolation and energization controls. The lock was removed and the panel was opened before energization, exposing the operator to hazardous electrical energy. Controls such as verified de-energization, lockout/tagout, absence-of-voltage testing, appropriate panel protection, and arc-flash PPE appear to have been ineffective or not followed.",HIGH,annotator_01,2026-09-02T05:03:01.129483+00:00,,,,,YES,adjudicated,False,True
industrial_safety_000166,industrial_safety_analytics_database,incident,2016-06-17T00:00:00,Country_02,Local_08,Metals,,,"At approximately 5:45 pm, the operator Paulo (operator of the filters) informed the autoclave operator via radio of a leak on the side of the scruber. The autoclave III feed was stopped by the control and officials Georli and Renato initiated the procedures for closing the autoclave transfer valve for flash TQs. Soon after, there was a break in the chicken, projecting pulp hot and reaching three employees who were inside the room near the equipment.",,,,,['Not applicable'],[],[],[],[],[],IV,V,YES,,v0.1,Male,Employee,at approximately 545 pm the operator paulo operator of the filters informed the autoclave operator via radio of a leak on the side of the scruber the autoclave iii feed was stopped by the control and officials georli and renato initiated the procedures for closing the autoclave transfer valve for flash tqs soon after there was a break in the chicken projecting pulp hot and reaching three employees who were inside the room near the equipment,DUP_0037,1,False,5,5.0,4.0,453.0,['Not applicable'],high,completed,"The uncontrolled release of hot pulp under pressure from the autoclave/transfer system exposed multiple employees to a high-energy process upset. Contact with hot material could cause severe or fatal burns, and the sudden rupture/release could also cause serious impact or engulfment injuries.","A leak was reported near the scrubber, the autoclave III feed was stopped, and employees began closing the autoclave transfer valve. Shortly afterward, a break occurred, projecting hot pulp and reaching three employees inside the room.",Thermal energy and process pressure associated with hot pulp in the autoclave/transfer system.,"Fatality or life-altering injury, particularly severe thermal burns/scalding, potentially accompanied by impact injuries from the sudden process release.","Process isolation and containment barriers failed or were insufficient. Although the feed was stopped and personnel initiated transfer-valve closure, the system subsequently ruptured/released hot pulp while employees remained in the exposure area. Effective isolation, pressure control/depressurization, leak-response procedures, exclusion zones, and remote operation should prevent personnel exposure to the release.",HIGH,annotator_01,2026-09-02T05:24:27.081517+00:00,Three employees were inside the room near the equipment when the rupture/release occurred and were directly reached by hot pulp.,,,,YES,pilot,False,True
industrial_safety_000321,industrial_safety_analytics_database,incident,2017-01-25T00:00:00,Country_01,Local_03,Mining,,,"During the process of loading drills in the Carmen pit of level 3450, the operator positions the basket of the anfo loader 186 equipment at a height of 3m from the floor to carry out the loading of the production drills; At this moment, a stone slab of 1.4x0.7x0.2 m is detached from the front of the pit, which is tilted and lodged inside the basket, trapping the right leg of the collaborator.",,,,,['remains of choco'],[],[],[],[],[],V,VI,YES,,v0.1,Male,Third Party,during the process of loading drills in the carmen pit of level 3450 the operator positions the basket of the anfo loader 186 equipment at a height of 3m from the floor to carry out the loading of the production drills at this moment a stone slab of 14x07x02 m is detached from the front of the pit which is tilted and lodged inside the basket trapping the right leg of the collaborator,DUP_0150,1,False,6,6.0,5.0,395.0,['remains of choco'],high,completed,"A large rock slab detached from the pit face while an employee was positioned in the elevated ANFO loader basket. The falling/rolling ground could have caused fatal crushing or traumatic injury, particularly given the employee's proximity and entrapment.","A 1.4 × 0.7 × 0.2 m rock slab detached from the pit front, tilted, and lodged inside the basket, trapping the collaborator's right leg. The basket was approximately 3 m above the floor.","Uncontrolled ground/rockfall energy from loose or unstable rock in the pit face, combined with the elevated work position.","Fatality or life-altering injury from crushing, traumatic amputation, severe fractures, or a larger rockfall striking/engulfing the worker; a fall from the elevated basket could also result in serious injury.","Ground-control and exclusion controls were inadequate or ineffective. The worker and basket were positioned within the potential rockfall zone, and loose/unstable ground was not adequately identified, scaled, barricaded, or otherwise controlled before loading.",HIGH,annotator_01,2026-09-02T05:25:36.761347+00:00,The collaborator was inside the elevated basket directly beneath/in front of the unstable ground when the slab detached.,,,,YES,pilot,False,True
industrial_safety_000337,industrial_safety_analytics_database,incident,2017-02-09T00:00:00,Country_01,Local_03,Mining,,,"the Spillway circumstances where the worker was cleaning, with the use of an absorbent cloth, oil residues from the right edge of the Atlas AXS-186 compressor, with the bonnet open and in functioning; the rag falls inside the ompressor and in the attempt to remove it, it is hooked on the fan's propeller, pulling the worker's left hand toward the propeller causing the injury.",,,,,['Power lock'],[],[],[],[],[],IV,V,YES,,v0.1,Male,Third Party (Remote),the spillway circumstances where the worker was cleaning with the use of an absorbent cloth oil residues from the right edge of the atlas axs186 compressor with the bonnet open and in functioning the rag falls inside the ompressor and in the attempt to remove it it is hooked on the fans propeller pulling the workers left hand toward the propeller causing the injury,DUP_0351,1,False,5,5.0,4.0,377.0,['Power lock'],high,completed,"The worker was cleaning an operating compressor with the bonnet open and reached toward a rag that had fallen into the rotating fan. The rotating equipment had sufficient mechanical energy to pull the worker's hand into the fan, creating potential for amputation or fatal injury.","The compressor was functioning with the bonnet open. The absorbent cloth fell inside the compressor and became hooked on the fan propeller. When the worker attempted to retrieve it, the fan pulled the worker's left hand toward the rotating component, causing injury.",Mechanical/rotational energy from the compressor's operating fan/propeller.,"Fatality or life-altering injury, including severe laceration, crushing, traumatic amputation, or entanglement.","Machine guarding and energy-isolation controls were inadequate or bypassed. The compressor was operating with the bonnet open, allowing access to the rotating fan. The worker attempted intervention without first stopping and isolating the equipment.",HIGH,annotator_01,2026-09-02T05:27:00.674394+00:00,The worker's left hand was directly exposed to the rotating fan while attempting to retrieve the cloth.,,,,YES,pilot,False,True
industrial_safety_000342,industrial_safety_analytics_database,incident,2017-02-14T00:00:00,Country_01,Local_03,Mining,,,"In the Nv. 3370, CX 212 - South, when the Mechanic loosens a through bolt of the intermediate cardan protector of the Dumper 01, the protector is released and imprisons the first finger of the left hand against the connector of the hydraulic steering cylinder (Position 2) .",,,,,['Pressed'],[],[],[],[],[],IV,V,YES,,v0.1,Male,Third Party,in the nv 3370 cx 212  south when the mechanic loosens a through bolt of the intermediate cardan protector of the dumper 01 the protector is released and imprisons the first finger of the left hand against the connector of the hydraulic steering cylinder position 2,DUP_0243,1,False,5,5.0,4.0,274.0,['Pressed'],high,completed,The mechanic's finger was caught between a released mechanical protector and a fixed hydraulic steering-cylinder connector. This represents a stored mechanical energy / pinch-point hazard with credible potential for severe crush injury or traumatic amputation.,"While loosening a through bolt on the intermediate cardan protector of Dumper 01, the protector released and trapped the first finger of the mechanic's left hand against the hydraulic steering-cylinder connector.","Stored mechanical energy and uncontrolled movement of the cardan protector, creating a crushing/pinch point.","Fatality or life-altering injury is possible, particularly severe crushing, fracture, loss of tissue, or traumatic amputation of the finger/hand.",Mechanical restraint/support and pinch-point controls were inadequate or ineffective. The protector was not adequately secured against unexpected movement/release before the retaining bolt was loosened.,HIGH,annotator_01,2026-09-02T05:28:14.137681+00:00,The mechanic's left hand/finger was positioned at the pinch point while loosening the retaining bolt.,,,,YES,pilot,False,True
industrial_safety_000371,industrial_safety_analytics_database,incident,2017-03-18T00:00:00,Country_01,Local_03,Mining,,,"During the activity of changing conveyor belt 11B feeding the primary mill No. 2; the mechanic entered the discharge chute (0.75 x 0.75 x 0.80 m.) to clean the material, at which time the automatic sampler (0.30 x 0.25 m) that was inside the chute was activated, trapping the mechanic at the height of the chest. At the time of the accident the mechanic was alone in the work area.",,,,,['Power lock'],[],[],[],[],[],V,V,YES,,v0.1,Male,Third Party (Remote),during the activity of changing conveyor belt 11b feeding the primary mill no 2 the mechanic entered the discharge chute 075 x 075 x 080 m to clean the material at which time the automatic sampler 030 x 025 m that was inside the chute was activated trapping the mechanic at the height of the chest at the time of the accident the mechanic was alone in the work area,DUP_0117,1,False,5,5.0,5.0,381.0,['Power lock'],high,completed,"The mechanic entered a confined discharge chute while an automatic sampler remained capable of activation. Its unexpected movement trapped the worker at chest level, creating credible potential for fatal crushing, asphyxiation, or other life-altering injury.","During conveyor belt 11B replacement, the mechanic entered the 0.75 × 0.75 × 0.80 m discharge chute to clean material. The automatic sampler activated while he was inside, trapping him at chest height. He was alone in the work area.","Mechanical energy / unexpected movement from the automatically actuated sampler, with additional confined-space entrapment hazard.","Fatality or life-altering injury, including crushing of the chest, traumatic injury, restricted breathing/asphyxiation, or fatal entrapment.","Lockout/tagout and isolation controls were inadequate or ineffective. The automatic sampler was not adequately isolated and secured against unexpected activation before the mechanic entered the chute. The worker also entered a restricted space alone, increasing the severity potential.",HIGH,annotator_01,2026-09-02T05:29:28.004588+00:00,The mechanic was inside the discharge chute within the sampler's operating zone when it activated.,,,,YES,pilot,False,True
industrial_safety_000372,industrial_safety_analytics_database,incident,2017-03-22T00:00:00,Country_01,Local_06,Metals,,,"Being approximately 20:57 hours of 03/22/2017; during the change of cables between the Z-332 power cell (locked cabinet) and the Z014 transformer; there is a loud noise followed by an oscillation of the electrical system. At that moment the collaborator Queneche of the company EISSA is found on the floor with his head inside an adjoining cell Z-132 (cabinet Not blocked - where he was not assigned to do any work), after having received an electric shock .",,,,,['Power lock'],[],[],[],[],[],V,V,YES,,v0.1,Male,Third Party (Remote),being approximately 2057 hours of 03222017 during the change of cables between the z332 power cell locked cabinet and the z014 transformer there is a loud noise followed by an oscillation of the electrical system at that moment the collaborator queneche of the company eissa is found on the floor with his head inside an adjoining cell z132 cabinet not blocked  where he was not assigned to do any work after having received an electric shock,DUP_0095,1,False,5,5.0,5.0,458.0,['Power lock'],high,completed,"The incident involved electrical energy during cable work, with an electrical event followed by an electric shock that caused the worker to collapse. Exposure to the energized or faulted electrical system could readily result in electrocution or fatal arc-flash injuries.","During cable changes between the Z-332 power cell and Z014 transformer, a loud noise and electrical-system oscillation occurred. The worker was subsequently found on the floor with his head inside the adjacent Z-132 cell, after receiving an electric shock. The Z-132 cabinet was not blocked and was not the worker's assigned work area.","Electrical energy, including potential energized conductors, electrical fault energy, and arc-flash/arc-blast energy.","Fatality or life-altering injury, including electrocution, severe burns, arc-flash injury, cardiac arrest, or traumatic injury from an electrical arc/blast.","Electrical isolation, boundary control, and lockout/tagout barriers were inadequate or ineffective. The adjacent Z-132 cell was not blocked, allowing the worker to enter an electrical compartment where he was not assigned to work. The event also indicates inadequate control/verification of hazardous electrical energy before cable work.",HIGH,annotator_01,2026-09-02T05:30:32.089317+00:00,"The worker was exposed to the electrical system while working on the cable connection and subsequently had his head inside an adjacent, unblocked electrical cell.",,,,YES,pilot,False,True
industrial_safety_000393,industrial_safety_analytics_database,incident,2017-04-25T00:00:00,Country_02,Local_07,Mining,,,"ACTIVITY: front sanitation (slaughter of choco with scaller) LOCAL: underground mine, level 350 - front 45 Upper JKA The operator performed front sanitation when a rock block from the roof hit the equipment. The accident victim was promptly rescued by the unit's emergency brigade and transported to the outpatient clinic where he received the first care, and was then transferred to the Municipal of Paracatu.",,,,,['remains of choco'],[],[],[],[],[],IV,V,YES,,v0.1,Male,Employee,activity front sanitation slaughter of choco with scaller local underground mine level 350  front 45 upper jka the operator performed front sanitation when a rock block from the roof hit the equipment the accident victim was promptly rescued by the units emergency brigade and transported to the outpatient clinic where he received the first care and was then transferred to the municipal of paracatu,DUP_0001,1,False,5,5.0,4.0,410.0,['remains of choco'],high,completed,"A rock block detached from the underground mine roof and struck the equipment during front sanitation. Underground ground falls can release substantial energy and could cause fatal crushing or burial, even if the reported event did not directly result in a fatality.","During front sanitation (scaling/slaughter of loose rock) at level 350, a rock block from the roof struck the equipment. The injured worker was rescued by the emergency brigade and subsequently transferred for medical care.",Uncontrolled ground/rockfall energy from unstable rock in the underground roof.,"Fatality or life-altering injury, including crushing, severe traumatic injury, or burial/entrapment from a larger ground fall.","Ground-control and scaling controls were inadequate or ineffective. Unstable roof material remained capable of detaching and striking the work equipment. Adequate scaling, ground-support assessment, exclusion of personnel from unsupported ground, and appropriate ground-control measures are critical barriers.",HIGH,annotator_01,2026-09-02T05:31:30.748762+00:00,The operator was working at the underground front directly beneath/near the potentially unstable roof when the rock block detached.,,,,YES,pilot,False,True
industrial_safety_000401,industrial_safety_analytics_database,incident,2017-05-06T00:00:00,Country_02,Local_07,Mining,,,"The employees Márcio and Sérgio performed the pump pipe clearing activity FZ1.031.4 and during the removal of the suction spool flange bolts, there was projection of pulp over them causing injuries.",,,,,['Projection'],[],[],[],[],[],IV,V,YES,,v0.1,Male,Employee,the employees márcio and sérgio performed the pump pipe clearing activity fz10314 and during the removal of the suction spool flange bolts there was projection of pulp over them causing injuries,DUP_0327,2,True,5,5.0,4.0,198.0,['Projection'],high,completed,"Removing flange bolts from a pump suction spool can release stored pressure and process material unexpectedly. The projection of pulp directly onto two employees demonstrates credible exposure to hazardous process energy, with potential for severe or fatal injury depending on the pulp's temperature, pressure, and composition.","During pump pipe clearing activity FZ1.031.4, employees Márcio and Sérgio were removing suction spool flange bolts when pulp was projected onto them, causing injuries.","Stored pressure/process energy in the pump piping, with uncontrolled release of pulp.","Fatality or life-altering injury, including severe impact/penetration injuries, chemical or thermal burns if the pulp was hazardous, and eye/face injuries.","Isolation, depressurization, and line-of-fire controls were inadequate or ineffective. The flange was opened while hazardous stored energy/material remained capable of being released. Positive isolation, pressure verification, controlled draining/bleeding, and positioning personnel outside the line of fire should have prevented the exposure.",HIGH,annotator_01,2026-09-02T05:32:40.381737+00:00,Two employees were directly in the line of fire while removing the flange bolts and were struck by the projected pulp.,,,,YES,pilot,False,True
industrial_safety_000403,industrial_safety_analytics_database,incident,2017-05-10T00:00:00,Country_01,Local_04,Mining,,,"When performing shotcrete casting for resane on Cruise 791 Nv. 1940 at 02:50 p.m. approximately, the operator was placed on the left side of the equipment and started the release of 02 cubic meters, at that time decided to paralyze the task for a few minutes due to a leak of water in the roof box that did not allow the adhesion of the shotcrete to the rock (setting). When restarting the shotcrete launch the operator that was on the left side moved to the right side of the equipment, while the assistant and the operator mixkret to see that there was no pumping went to verify what happened and when they returned they realized that the operator was not, so they assume that he had fallen down the chimney, they left the job to ask for help immediately. The emergency response brigade and the medical service are activated, who verify the death of the collaborator. The accident investigation begins.",,,,,['Fall'],[],[],[],[],[],V,V,YES,,v0.1,Male,Third Party,when performing shotcrete casting for resane on cruise 791 nv 1940 at 0250 pm approximately the operator was placed on the left side of the equipment and started the release of 02 cubic meters at that time decided to paralyze the task for a few minutes due to a leak of water in the roof box that did not allow the adhesion of the shotcrete to the rock setting when restarting the shotcrete launch the operator that was on the left side moved to the right side of the equipment while the assistant and the operator mixkret to see that there was no pumping went to verify what happened and when they returned they realized that the operator was not so they assume that he had fallen down the chimney they left the job to ask for help immediately the emergency response brigade and the medical service are activated who verify the death of the collaborator the accident investigation begins,DUP_0389,1,False,5,5.0,5.0,904.0,['Fall'],high,completed,The operator fell down a chimney/vertical opening while performing underground shotcrete work and died. A fall into a vertical excavation or shaft presents an immediate and credible fatality mechanism.,"During shotcrete application at Cruise 791, Nv. 1940, the operator moved from one side of the equipment to the other. When the crew returned, he was missing and was presumed to have fallen down the chimney. The emergency brigade and medical service responded and confirmed the collaborator's death.",Gravity / fall-from-height energy associated with an unprotected or inadequately controlled vertical chimney/opening.,"Fatality or life-altering injury from a fall into the vertical opening, including fatal traumatic injury. Fatality actually occurred in this event.","Fall-prevention and access-control barriers were inadequate or ineffective. The vertical opening was apparently accessible to the operator without sufficient protection to prevent a fall. Guarding/barricading, physical covers, controlled access, fall protection where required, and verification of the work area should have prevented the exposure.",HIGH,annotator_01,2026-09-02T05:33:44.721453+00:00,The operator was working and moving adjacent to the chimney/vertical opening during the shotcrete activity.,,,,YES,adjudicated,False,True
industrial_safety_000289,industrial_safety_analytics_database,incident,2016-12-16T00:00:00,Country_02,Local_08,Metals,,,"The maid while walking in the electrolysis area, stumbled and fell next to the bathroom in room B.",,,,,['Others'],[],[],[],[],[],I,II,NO,,v0.1,Female,Third Party,the maid while walking in the electrolysis area stumbled and fell next to the bathroom in room b,DUP_0338,1,False,2,,,,['Others'],,completed,The event was a same-level slip/trip and fall while walking. The narrative does not indicate exposure to high-energy hazards or a credible mechanism for a fatal or life-altering injury.,"The worker stumbled and fell while walking in the electrolysis area, next to the bathroom in room B. No high-energy event or serious injury mechanism is described.",Same-level fall / walking-surface hazard.,"Minor to moderate injury, such as bruises, sprains, or fractures. Based on the information provided, SIF-level injury is not reasonably evident.","Housekeeping, walking-surface, and pedestrian safety controls may have been inadequate, but there is insufficient evidence of a failed high-consequence barrier.",HIGH,annotator_01,2026-09-02T06:03:12.559052+00:00,The worker was walking through the electrolysis area and stumbled near the bathroom.,98.0,,pilot_02,NO,pilot,False,True
industrial_safety_000222,industrial_safety_analytics_database,incident,2016-09-06T00:00:00,Country_02,Local_02,Mining,,,the check list of the area of ​​the survey the operator slipped in the foliage of the leucenas and fell.,,,,,['Others'],[],[],[],[],[],I,II,NO,,v0.1,Male,Employee,the check list of the area of the survey the operator slipped in the foliage of the leucenas and fell,DUP_0288,1,False,2,,,,['Others'],,completed,"The incident was a slip and fall while walking through vegetation during an area inspection. The narrative does not identify significant stored, kinetic, electrical, thermal, or other high-energy exposure capable of causing a fatal or life-altering injury.","While performing the area's survey/checklist, the operator slipped in the foliage of leucenas and fell. No serious injury or high-energy hazard is described.",Same-level slip/fall hazard caused by vegetation/ground conditions.,"Minor to moderate injury, such as bruises, sprains, or fractures. Based on the narrative, a SIF-level consequence is not reasonably evident.",Walking-surface/vegetation management and housekeeping controls could be improved to maintain a clear and safe inspection route.,HIGH,annotator_01,2026-09-02T06:04:26.861504+00:00,The operator was walking through an area containing leucena foliage while conducting the inspection.,104.0,,pilot_02,NO,pilot,False,True
industrial_safety_000034,industrial_safety_analytics_database,incident,2016-02-15T00:00:00,Country_02,Local_05,Metals,,,The employee was clearing the pipe when he tapped his right thumb against the flange causing little trauma.,,,,,['Others'],[],[],[],[],[],I,II,NO,,v0.1,Male,Employee,the employee was clearing the pipe when he tapped his right thumb against the flange causing little trauma,DUP_0316,1,False,2,,,,['Others'],,completed,"The event involved a minor hand impact while clearing a pipe. There is no indication of high-energy release, significant crushing potential, or another credible mechanism for a fatal or life-altering injury.","The employee was clearing the pipe when he tapped his right thumb against the flange, resulting in little trauma.",Mechanical contact / minor impact energy from the pipe flange.,"Minor injury, such as bruising or a minor contusion. A SIF-level consequence is not reasonably evident from the narrative.",Hand positioning and task technique controls could be improved to prevent contact with the flange during manual pipe clearing.,HIGH,annotator_01,2026-09-02T06:05:20.640569+00:00,The employee's right thumb was exposed to the flange during the pipe-clearing activity.,107.0,,pilot_02,NO,pilot,False,True
industrial_safety_000264,industrial_safety_analytics_database,incident,2016-11-08T00:00:00,Country_02,Local_08,Metals,,,"When igniting the furnace 07 of the battery I, there was reflux of hot gas, reaching the face of the employee.",,,,,['Others'],[],[],[],[],[],I,II,YES,,v0.1,Male,Employee,when igniting the furnace 07 of the battery i there was reflux of hot gas reaching the face of the employee,DUP_0377,1,False,2,,,,['Others'],,completed,"The employee was exposed to an unexpected release/reflux of hot gas from a furnace during ignition. Hot-gas release can cause severe facial burns, inhalation injury, or potentially fatal injury, making this a credible SIF event.","While igniting furnace 07 of Battery I, there was a reflux of hot gas that reached the employee's face.",Thermal energy and pressurized/hot process gas associated with furnace ignition.,"Fatality or life-altering injury, including severe facial/airway burns, thermal injury, or smoke/hot-gas inhalation.","Ignition, gas-flow, and personnel-positioning controls were inadequate or ineffective. The employee was positioned where a hot-gas reflux could reach the face. Proper ignition procedures, gas-flow control, exclusion from the line of fire, and appropriate PPE should prevent direct exposure.",HIGH,annotator_01,2026-09-02T06:06:21.340468+00:00,The employee's face was directly exposed to the hot-gas reflux during furnace ignition.,110.0,,pilot_02,YES,pilot,False,True
industrial_safety_000082,industrial_safety_analytics_database,incident,2016-03-30T00:00:00,Country_01,Local_03,Mining,,,"After having carried out the mechanized support with the Scissor # 200, the heavy equipment operator picks up the water supply hose towards the drum of the equipment and, while He was heading towards the cabin of the Scissor on the way on a piece of rock - 10 cm high approx. - which displaces by sliding his right foot causing the injury described.",,,,,['Others'],[],[],[],[],[],I,III,NO,,v0.1,Male,Employee,after having carried out the mechanized support with the scissor  200 the heavy equipment operator picks up the water supply hose towards the drum of the equipment and while he was heading towards the cabin of the scissor on the way on a piece of rock  10 cm high approx  which displaces by sliding his right foot causing the injury described,DUP_0006,1,False,3,,,,['Others'],,completed,The event was a same-level slip/trip caused by stepping on a small rock while carrying a water hose. The narrative does not indicate exposure to high-energy hazards or a credible mechanism for a fatal or life-altering injury.,"After mechanized support work, the operator was carrying the water supply hose toward the Scissor equipment cabin when he stepped on an approximately 10 cm-high rock, which displaced/slid and caused his right foot to move, resulting in the reported injury.",Trip/slip hazard and low-level mechanical energy from loose rock on the walking surface.,"Minor to moderate injury, such as a sprain, strain, or fracture. A SIF-level consequence is not reasonably evident from the narrative.",Housekeeping and walking-route controls were inadequate or could be improved. Loose rocks should be removed and walking paths maintained clear of trip hazards.,HIGH,annotator_01,2026-09-02T06:07:25.123701+00:00,The operator was walking while carrying the hose and stepped onto the loose rock.,349.0,1.0,pilot_02,NO,pilot,False,True
industrial_safety_000284,industrial_safety_analytics_database,incident,2016-12-12T00:00:00,Country_01,Local_04,Mining,,,"When performing the Doosan RB-10 equipment hammer repair, the employee tries to remove the suspenders with the support of a 25-pound rope; At the moment of receiving the blow the brace or bolt causes a splinter to be released, expelling and impacting on the lower left limb causing metal embedding in it. The collaborator did not notice immediately.",,,,,['Others'],[],[],[],[],[],III,III,YES,,v0.1,Male,Employee,when performing the doosan rb10 equipment hammer repair the employee tries to remove the suspenders with the support of a 25pound rope at the moment of receiving the blow the brace or bolt causes a splinter to be released expelling and impacting on the lower left limb causing metal embedding in it the collaborator did not notice immediately,DUP_0390,1,False,3,,,,['Others'],,completed,"The repair involved striking/removing a mechanical component under tension or restraint. The impact caused a metal fragment to be projected into the worker's lower limb, demonstrating uncontrolled stored/mechanical energy and projectile potential. A similar release directed toward the head, eyes, or torso could cause life-altering or fatal injury.","During repair of the Doosan RB-10 hammer, the employee attempted to remove the suspenders using a 25-pound rope. When the component was struck, the brace/bolt released a metal splinter that was projected into the lower left limb, becoming embedded.",Stored mechanical energy and projectile energy from the brace/bolt during removal and impact.,"Fatality or life-altering injury, including penetrating trauma, severe laceration, eye injury, or potentially fatal injury if a metal fragment were projected toward a vital body area.","Line-of-fire, restraint, and controlled disassembly barriers were inadequate or ineffective. The component was struck while the worker remained exposed to potential projectile release. Appropriate restraint, controlled removal methods, exclusion zones, and suitable PPE should prevent personnel exposure.",HIGH,annotator_01,2026-09-02T06:08:38.115293+00:00,The employee was in close proximity to the component and in the potential line of fire while striking/removing it.,349.0,1.0,pilot_02,YES,adjudicated,False,True
industrial_safety_000074,industrial_safety_analytics_database,incident,2016-03-19T00:00:00,Country_01,Local_01,Mining,,,"During the placement of the last support mesh cloth of the work, in moments that from the ground the injured collaborator reached the electrowelded mesh to the operator of the scissor bolter positioned in the basket, when pressing on the mesh, one of the protruding ends of the mesh, crosses the leather glove causing an injury in his right hand.",,,,,['Others'],[],[],[],[],[],I,III,NO,,v0.1,Male,Employee,during the placement of the last support mesh cloth of the work in moments that from the ground the injured collaborator reached the electrowelded mesh to the operator of the scissor bolter positioned in the basket when pressing on the mesh one of the protruding ends of the mesh crosses the leather glove causing an injury in his right hand,DUP_0144,1,False,3,,,,['Others'],,completed,The incident involved a sharp protruding end of electrowelded mesh penetrating the worker's glove and injuring the hand. The described mechanism does not indicate significant stored or high-energy potential capable of causing a fatal or life-altering injury.,"While placing the final support mesh, the injured worker reached the electrowelded mesh toward the scissor bolter operator. When pressing the mesh, a protruding end crossed the leather glove and injured the right hand.",Sharp-edge / puncture hazard from the protruding end of the electrowelded mesh.,"Minor to moderate hand injury, such as puncture wounds, lacerations, or localized tissue damage. A SIF-level consequence is not reasonably evident from the narrative.","Material-handling and hand-protection controls were inadequate or could be improved. Protruding mesh ends should be controlled/trimmed or otherwise protected, and task-appropriate cut/puncture-resistant gloves should be used.",HIGH,annotator_01,2026-09-02T06:10:31.681296+00:00,The worker's right hand was directly exposed to the protruding mesh end while handling and pressing the mesh.,346.0,4.0,pilot_02,NO,adjudicated,False,True
industrial_safety_000075,industrial_safety_analytics_database,incident,2016-03-14T00:00:00,Country_02,Local_05,Metals,,,The employee checked for acid leakage in the shipping area when he was hit by splashes of solution in his right hemiface.,,,,,['Chemical substances'],[],[],[],[],[],I,IV,YES,,v0.1,Male,Employee,the employee checked for acid leakage in the shipping area when he was hit by splashes of solution in his right hemiface,DUP_0297,1,False,4,,,,['Chemical substances'],,completed,"The employee was exposed to acidic solution splashes to the face while checking for a leak. Chemical exposure to the face can cause severe burns, permanent eye damage, or other life-altering injuries, depending on the concentration and quantity of the acid.","While checking for an acid leakage in the shipping area, the employee was struck by splashes of solution to the right side of the face.",Chemical energy / corrosive acid solution capable of causing tissue and eye damage.,"Fatality or life-altering injury, including severe facial chemical burns, permanent eye damage/blindness, respiratory injury, or systemic effects depending on the substance.","Leak detection, containment, chemical isolation, and PPE controls were inadequate or ineffective. The employee was exposed to the leak while investigating it. Appropriate isolation/containment, remote leak assessment where feasible, exclusion from the splash zone, and chemical-resistant face/eye protection should prevent direct exposure.",HIGH,annotator_01,2026-09-02T06:09:33.880386+00:00,The employee's right hemiface was directly exposed to the chemical splash while investigating the leak.,121.0,,pilot_02,YES,pilot,False,True
industrial_safety_000119,industrial_safety_analytics_database,incident,2016-05-02T00:00:00,Country_02,Local_05,Metals,,,The employee reports that climbing the access ladder to the operating room of the Ustulation was surprised by the projection of sulfuric acid.,,,,,['Chemical substances'],[],[],[],[],[],I,IV,YES,,v0.1,Female,Third Party (Remote),the employee reports that climbing the access ladder to the operating room of the ustulation was surprised by the projection of sulfuric acid,DUP_0305,1,False,4,,,,['Chemical substances'],,completed,"The employee was exposed to sulfuric acid projection while climbing an access ladder. Sulfuric acid is highly corrosive and can cause severe chemical burns, permanent eye damage, or potentially fatal injury with significant exposure.","While climbing the access ladder to the operating room, the employee was unexpectedly hit by a projection of sulfuric acid.",Chemical energy / corrosive sulfuric acid under process conditions capable of causing severe tissue damage.,"Fatality or life-altering injury, including severe chemical burns, permanent blindness, respiratory injury, or systemic effects from significant exposure.","Chemical containment, process isolation, splash protection, and access-route controls were inadequate or ineffective. The employee could be exposed to acid while using the access ladder. Effective containment, shielding, leak control, safe access routing, and appropriate chemical-resistant PPE should prevent direct exposure.",HIGH,annotator_01,2026-09-02T06:11:49.795641+00:00,The employee was directly exposed to projected sulfuric acid while accessing the operating area.,142.0,,pilot_02,YES,pilot,False,True
industrial_safety_000077,industrial_safety_analytics_database,incident,2016-03-18T00:00:00,Country_02,Local_05,Metals,,,"The employee was transiting toward the cadmium factory, near tank 1440 on copper sulphate, when acid solution spilled in his direction, reaching his legs causing minor burns.",,,,,['Chemical substances'],[],[],[],[],[],I,IV,YES,,v0.1,Male,Employee,the employee was transiting toward the cadmium factory near tank 1440 on copper sulphate when acid solution spilled in his direction reaching his legs causing minor burns,DUP_0322,1,False,4,,,,['Chemical substances'],,completed,"The employee was exposed to an acid solution spill while walking near a process tank. Although the reported injury was minor, uncontrolled acid release has credible potential for severe chemical burns, particularly if exposure had occurred to the eyes, face, or a larger area of the body.","While walking toward the cadmium factory near tank 1440 containing copper sulphate, an acid solution spilled toward the employee, reaching his legs and causing minor burns.",Chemical energy / corrosive acid solution associated with the process equipment.,"Fatality or life-altering injury could result from a larger or more concentrated acid release, including severe chemical burns, permanent eye damage, respiratory injury, or systemic effects.","Containment, leak/spill prevention, and pedestrian segregation controls were inadequate or ineffective. The employee's normal travel route placed him within the potential release zone of the process equipment.",HIGH,annotator_01,2026-09-02T06:13:26.731251+00:00,The employee's legs were directly exposed to the spilled acid solution while transiting near the tank.,174.0,,pilot_02,YES,pilot,False,True
industrial_safety_000232,industrial_safety_analytics_database,incident,2016-09-20T00:00:00,Country_02,Local_05,Metals,,,"The employee was performing maintenance of the blower, when the residual water projection occurred on his face. In an attempt to remove PPE, the injured person has had contact with contaminated gloves with the right eye causing irritation.",,,,,['Blocking and isolation of energies'],[],[],[],[],[],I,II,YES,,v0.1,Male,Third Party (Remote),the employee was performing maintenance of the blower when the residual water projection occurred on his face in an attempt to remove ppe the injured person has had contact with contaminated gloves with the right eye causing irritation,DUP_0320,1,False,2,,,,['Blocking and isolation of energies'],,completed,"The incident involved residual process water and contaminated PPE during blower maintenance. Although the reported outcome was eye irritation, the presence of residual energy/material and contaminated gloves created a credible potential for serious eye exposure or other life-altering injury.","During blower maintenance, residual water was projected onto the employee's face. While attempting to remove PPE, the employee's contaminated glove contacted the right eye, causing irritation.","Residual process energy/material and contaminated substances, including residual water and contaminants associated with the blower.","Fatality or life-altering injury is possible from a more hazardous residual substance or greater exposure, particularly severe eye injury or permanent vision impairment.","Energy isolation, draining/depressurization, decontamination, and PPE-removal controls were inadequate or ineffective. Residual material remained in the equipment, and contaminated gloves were able to contact the employee's eye during PPE removal.",HIGH,annotator_01,2026-09-02T09:35:09.168223+00:00,The employee's face and right eye were directly exposed to residual water and contaminated PPE.,239.0,,v0.2_calibration,YES,pilot,False,True
industrial_safety_000382,industrial_safety_analytics_database,incident,2017-04-10T00:00:00,Country_02,Local_02,Mining,,,"Employee to perform painting of the floor of the fuel tank area, he needed cleaning, and by pouring water-thinner on the floor, the bucket slipped out of his hand and the mixture projected onto his left shoulder and lower lip, causing redness and burning.",,,,,['Chemical substances'],[],[],[],[],[],I,II,NO,,v0.1,Male,Third Party,employee to perform painting of the floor of the fuel tank area he needed cleaning and by pouring waterthinner on the floor the bucket slipped out of his hand and the mixture projected onto his left shoulder and lower lip causing redness and burning,DUP_0181,1,False,2,,,,['Chemical substances'],,completed,"The incident involved a small chemical splash of a water-thinner mixture during floor cleaning. The reported consequence was limited to redness and burning of the shoulder and lower lip, with no indication of high-consequence exposure or a credible fatality mechanism.","While preparing to paint the fuel tank area, the employee poured water-thinner onto the floor for cleaning. The bucket slipped from his hand and the mixture splashed onto his left shoulder and lower lip, causing redness and burning.",Chemical exposure from the water-thinner mixture.,"Minor chemical irritation or burns. Based on the narrative, a SIF-level consequence is not reasonably evident.","Chemical-handling controls were inadequate or could be improved. The bucket slipped during manual handling, resulting in direct exposure. A suitable container, controlled pouring method, and appropriate chemical-resistant PPE would reduce the likelihood of splashes.",HIGH,annotator_01,2026-09-02T09:36:20.822758+00:00,The employee's left shoulder and lower lip were directly exposed to the mixture.,255.0,,v0.2_calibration,NO,pilot,False,True
industrial_safety_000198,industrial_safety_analytics_database,incident,2016-08-02T00:00:00,Country_03,Local_10,Others,,,"The mincing team was carrying out activities in the city of Juína and was coordinated by mining technician Felipe a time when the mining technician was last in line and more away from the team, was bitten by a blackjack on the left side of his face. There was no allergic manifestation and the team continued the work. In the afternoon, after lunch, the employee sought medical care, was medicated and released to continue activities the next day.",,,,,['Bees'],[],[],[],[],[],I,I,NO,,v0.1,Male,Third Party,the mincing team was carrying out activities in the city of juína and was coordinated by mining technician felipe a time when the mining technician was last in line and more away from the team was bitten by a blackjack on the left side of his face there was no allergic manifestation and the team continued the work in the afternoon after lunch the employee sought medical care was medicated and released to continue activities the next day,DUP_0340,1,False,1,,,,['Bees'],,completed,"The reported event was a single insect bite/sting to the face, with no allergic reaction or serious consequence. Although insect stings can rarely cause severe reactions, the narrative provides no evidence of significant exposure or a credible high-consequence mechanism in this case.","The reported event was a single insect bite/sting to the face, with no allergic reaction or serious consequence. Although insect stings can rarely cause severe reactions, the narrative provides no evidence of significant exposure or a credible high-consequence mechanism in this case.",Biological/environmental hazard from an insect/bee-type organism.,"Minor injury, such as localized pain, swelling, or irritation. A severe allergic reaction is theoretically possible, but it is not supported by the reported event.","Environmental hazard identification and insect-control/awareness measures could be improved. However, the narrative does not indicate a significant barrier failure.",HIGH,annotator_01,2026-09-02T09:38:10.161671+00:00,The technician was directly exposed to the insect while working outdoors and was bitten on the face.,447.0,,v0.2_calibration,NO,pilot,False,True
industrial_safety_000187,industrial_safety_analytics_database,incident,2016-07-15T00:00:00,Country_02,Local_05,Metals,,,"when handling a sample in the laboratory, the sleeve of the employee's coat had contact with nitric acid, absorbing a small amount that came to reach the left forearm, causing a 1st degree burn.",,,,,['Chemical substances'],[],[],[],[],[],I,II,UNCERTAIN,,v0.1,Female,Employee,when handling a sample in the laboratory the sleeve of the employees coat had contact with nitric acid absorbing a small amount that came to reach the left forearm causing a 1st degree burn,DUP_0376,1,False,2,,,,['Chemical substances'],,completed,"Nitric acid is a strong oxidizing acid capable of causing severe chemical burns, deep tissue damage, and — with sufficient concentration, volume, or duration of contact (e.g., larger splash, contact with eyes, inhalation of fumes, or delayed detection due to it soaking through clothing) — permanent injury or life-threatening harm. The fact that the coat sleeve absorbed the acid and delayed skin contact suggests the employee may not have noticed immediately, which increases the exposure duration risk in a worse-case version of this same event.Nitric acid is a strong oxidizing acid capable of causing severe chemical burns, deep tissue damage, and — with sufficient concentration, volume, or duration of contact (e.g., larger splash, contact with eyes, inhalation of fumes, or delayed detection due to it soaking through clothing) — permanent injury or life-threatening harm. The fact that the coat sleeve absorbed the acid and delayed skin contact suggests the employee may not have noticed immediately, which increases the exposure duration risk in a worse-case version of this same event.","the sleeve of the employee's coat had contact with nitric acid, absorbing a small amount that came to reach the left forearm, causing a 1st degree burn","Chemical energy — corrosive/oxidizing hazardous substance (nitric acid), a Class A hazard capable of severe tissue damage","Under marginally different conditions (higher concentration, larger volume, longer contact time before wash-off, contact with face/eyes, or delayed recognition since the acid soaked through fabric before reaching skin) this could result in severe chemical burns, permanent scarring, or greater bodily harm — meeting SIF severity criteria","Weak/failed barrier — the coat (likely standard lab coat, not chemical-resistant) did not prevent acid penetration to skin. No indication of an apron, acid-resistant sleeve guards, or immediate emergency shower/eyewash use is mentioned. This represents a failed or absent engineering/PPE control for the energy level involved",LOW,annotator_01,2026-09-03T08:34:09.438936+00:00,"Direct skin contact via clothing absorption; sleeve of PPE (coat) absorbed acid, which then reached the left forearm — indicates a control (PPE) was present but was breached or insufficient (permeable/absorbent fabric, no chemical-resistant sleeve or apron)",194.0,,v0.2_calibration,NO,adjudicated,False,True
industrial_safety_000112,industrial_safety_analytics_database,incident,2016-04-26T00:00:00,Country_02,Local_05,Metals,,,The injured woman performed cleaning and when cleaning the sink of the collection room pierced the finger with a fragment of glass.,,,,,['Cut'],[],[],[],[],[],I,II,NO,,v0.1,Female,Third Party,the injured woman performed cleaning and when cleaning the sink of the collection room pierced the finger with a fragment of glass,DUP_0333,1,False,2,,,,['Cut'],,completed,"finger puncture from a glass fragment is a low-energy, localized mechanical hazard. While cuts can occasionally lead to complications (infection, tendon/nerve damage, or more serious lacerations), the mechanism described here (piercing while cleaning a sink) does not carry the same escalation potential as high-energy hazards (e.g., machinery, falls from height, chemical exposure, electrical). This is best classified as a minor injury / low-severity precursor rather than a genuine SIF-potential event.","""performed cleaning and when cleaning the sink of the collection room pierced the finger with a fragment of glass""","sharp object (glass fragment), low kinetic/contact energy","Under a worse-case variation (larger/deeper glass shard, damage to tendons, nerves, or blood vessels in the hand, or subsequent infection), this could escalate to a more serious hand injury; however, life-threatening or permanently disabling outcomes are unlikely from this specific mechanism","Weak/absent — no indication of cut-resistant gloves being worn, no prior inspection/removal of glass hazards from the sink before cleaning, and no visual check of the work area for hidden sharps",HIGH,annotator_01,2026-09-03T08:37:05.283590+00:00,"Direct hand/finger contact with broken glass while cleaning by touch/feel inside a sink, without visual awareness of the hazard (glass fragment hidden from view)",131.0,,v0.2_calibration,NO,adjudicated,False,True
industrial_safety_000250,industrial_safety_analytics_database,incident,2016-10-11T00:00:00,Country_02,Local_05,Metals,,,Employee was doing cleaning near the area of ​​the pneumatic conveyor when he was hit by a drop of sulfuric acid on his upper lip.,,,,,['Chemical substances'],[],[],[],[],[],I,III,NO,,v0.1,Male,Employee,employee was doing cleaning near the area of the pneumatic conveyor when he was hit by a drop of sulfuric acid on his upper lip,DUP_0182,1,False,3,,,,['Chemical substances'],,completed,"Sulfuric acid is a highly corrosive substance capable of causing severe chemical burns, permanent scarring, and tissue destruction. The contact occurred on the upper lip, a location in close proximity to the eyes, mouth, and airway — a slightly different trajectory or larger volume could have resulted in eye contact (risk of permanent vision loss), mouth/airway exposure, or more extensive facial burns. The fact that this was described as only ""a drop"" is what kept the actual outcome minor; the potential consequence given the hazard energy and proximity to sensitive areas is high.","was hit by a drop of sulfuric acid on his upper lip"" while cleaning near the pneumatic conveyor","Chemical — highly corrosive strong acid (sulfuric acid), likely airborne/splashed from the conveyor system","Under a worse-case variation (larger volume, direct eye contact, inhalation of acid mist/fumes, or contact with mucous membranes of mouth/nose), this could result in permanent eye damage, severe facial burns/disfigurement, or respiratory injury — meeting SIF severity criteria","Weak/failed — no indication of face shield, goggles, or splash protection being worn during cleaning near the conveyor; also suggests inadequate containment or isolation of the acid source (e.g., no drip trays, sealed lines, or LOTO) during the cleaning task near an active/residual chemical line",HIGH,annotator_01,2026-09-03T08:40:30.532996+00:00,Direct facial skin contact (upper lip) via an uncontrolled release/splash/drip from process equipment during cleaning activity,130.0,,v0.2_calibration,NO,adjudicated,False,True
industrial_safety_000346,industrial_safety_analytics_database,incident,2017-02-17T00:00:00,Country_01,Local_01,Mining,,,"Once the painting of the pumping pipe has been completed, the person involved involuntarily touches his face, with his hand (with gloves) full of paint, and to clean himself he makes use of a dry industrial cloth and begins to rub his face, for a period of time from 30 to 40 seconds continuously, until finally the paint on the face is cleaned, this friction generates the described injury.",,,,,['Chemical substances'],[],[],[],[],[],I,III,YES,,v0.1,Male,Employee,once the painting of the pumping pipe has been completed the person involved involuntarily touches his face with his hand with gloves full of paint and to clean himself he makes use of a dry industrial cloth and begins to rub his face for a period of time from 30 to 40 seconds continuously until finally the paint on the face is cleaned this friction generates the described injury,DUP_0278,1,False,3,,,,['Chemical substances'],,completed,"The actual injury mechanism here is friction/abrasion from prolonged rubbing with a dry industrial cloth, not the paint chemical itself. While paint exposure to skin/face is undesirable and the cleaning method used was poor practice, this event does not involve a high-energy hazard (no corrosive/toxic chemical injury, no eye contact mentioned, no respiratory exposure). The consequence — skin irritation/abrasion from friction — has low potential to escalate to serious injury or fatality, even under a worse-case variation of the same scenario.","with his hand...full of paint, and to clean himself he makes use of a dry industrial cloth and begins to rub his face, for a period of time from 30 to 40 seconds continuously...this friction generates the described injury""","Mechanical (friction/abrasion) — secondary to a chemical hazard (paint) that was mishandled; the injury-causing mechanism is friction from dry cloth on skin, not the chemical itself",": Localized skin abrasion, irritation, or redness from friction; if paint contained irritating/toxic solvents and contact had involved the eyes or mucous membranes instead of general facial skin, the potential consequence could have been more serious (chemical eye injury) — but as described, the realistic escalation potential remains low to moderate, not SIF-level","improper cleaning method used (dry friction instead of appropriate solvent/water-based cleaning or eyewash-type response for facial chemical contact); indicates gaps in training/procedure for skin decontamination after chemical (paint) contact, and glove use did not prevent hand-to-face transfer",MEDIUM,annotator_01,2026-09-03T08:42:54.803434+00:00,"Direct, prolonged (30–40 seconds) friction/rubbing contact between a dry industrial cloth and facial skin, following inadvertent hand-to-face contact with wet paint",391.0,,v0.2_calibration,NO,adjudicated,False,True
industrial_safety_000190,industrial_safety_analytics_database,incident,2016-07-20T00:00:00,Country_02,Local_05,Metals,,,"The employee reports that he was draining ammonia, used as a refrigerant, into a container of water when splashes of the solution drained onto his face.",,,,,['Chemical substances'],[],[],[],[],[],I,III,NO,,v0.1,Male,Employee,the employee reports that he was draining ammonia used as a refrigerant into a container of water when splashes of the solution drained onto his face,DUP_0309,1,False,3,,,,['Chemical substances'],,completed,"Ammonia is a highly corrosive, toxic, and volatile chemical. As a refrigerant-grade substance, it is typically concentrated, and its reaction with water can be exothermic, generating heat and caustic splash. Facial exposure carries elevated risk of severe chemical burns, eye damage (including permanent vision loss), and respiratory injury from inhaling ammonia vapor/fumes released during the draining process. Even without a stated severe outcome, the combination of hazard energy (concentrated ammonia), exposure route (facial splash), and proximity to eyes/airway meets the threshold for SIF-potential classification.","""draining ammonia, used as a refrigerant, into a container of water when splashes of the solution drained onto his face""","corrosive/toxic substance (ammonia refrigerant), with potential exothermic reaction when combined with water, plus inhalation hazard from vapor release","Under a worse-case variation (higher ammonia concentration, larger splash volume, direct eye contact, or prolonged inhalation), this could result in permanent eye injury/blindness, severe chemical burns to the face, or respiratory tract damage — clearly meeting SIF severity criteria","Weak/failed — no indication of face shield, chemical splash goggles, or respiratory protection being used during the draining task; also suggests inadequate procedure/engineering controls (e.g., no closed-system transfer, no fume extraction, no controlled-rate draining) for handling a hazardous refrigerant chemical",HIGH,annotator_01,2026-09-03T08:44:56.909275+00:00,Direct facial splash contact with the ammonia-water solution during a manual draining/decanting task; likely concurrent inhalation exposure to ammonia fumes given proximity to the face,152.0,,v0.2_calibration,NO,pilot,False,True
industrial_safety_000145,industrial_safety_analytics_database,incident,2016-06-02T00:00:00,Country_02,Local_05,Metals,,,"During the process of washing the material (Becker), the tip of the material was broken which caused a cut of the 5th finger of the right hand",,,,,['Cut'],[],[],[],[],[],I,III,UNCERTAIN,,v0.1,Male,Employee,during the process of washing the material becker the tip of the material was broken which caused a cut of the 5th finger of the right hand,DUP_0151,1,False,3,,,,['Cut'],,completed,"This event involves breakage of laboratory glassware (a ""Becker,"" likely a Beaker) during a washing task, resulting in a cut to a single finger. This is a low-energy mechanical hazard — the breaking glass produces a sharp edge that caused localized, minor trauma. While cuts can occasionally escalate to tendon, nerve, or vascular damage, the mechanism and body part involved (single finger, 5th digit) do not indicate a realistic pathway to serious injury or fatality, even under a moderately worse-case variation of this scenario.","""During the process of washing the material (Becker), the tip of the material was broken which caused a cut of the 5th finger of the right hand""","harp/broken glass edge (low kinetic energy, contact-type hazard)","Under a worse-case variation (deeper cut, damage to tendon/nerve/blood vessel, or a larger glass fragment causing a more severe laceration), this could result in a more serious hand injury requiring surgical repair; however, life-threatening or permanently disabling outcomes are unlikely from this specific mechanism","Weak/absent — no indication that cut-resistant gloves were worn during the glassware washing task, and no mention of an inspection process to identify weakened/cracked glassware before handling",HIGH,annotator_01,2026-09-03T08:46:46.289953+00:00,"direct hand contact with glass labware during a manual washing task; the glassware broke while in-hand or in-contact, exposing the finger to the fractured edge",142.0,,v0.2_calibration,NO,adjudicated,False,True
industrial_safety_000095,industrial_safety_analytics_database,incident,2016-04-05T00:00:00,Country_01,Local_06,Metals,,,"The worker carried out the disassembly of 03 scaffolding bodies in the pulpomatic of the thickener D2251. the dismantling of the base of the scaffold, located approximately one meter high from the floor of the sump, the rivets of the anchor support of the platform were broken, causing the fall of the worker and impacting the right knee with the support that I am anchored in one of the horizontals of the scaffolding structure.",,,,,['Fall prevention (same level)'],[],[],[],[],[],I,III,YES,,v0.1,Male,Third Party,the worker carried out the disassembly of 03 scaffolding bodies in the pulpomatic of the thickener d2251 the dismantling of the base of the scaffold located approximately one meter high from the floor of the sump the rivets of the anchor support of the platform were broken causing the fall of the worker and impacting the right knee with the support that i am anchored in one of the horizontals of the scaffolding structure,DUP_0356,1,False,3,,,,['Fall prevention (same level)'],,completed,"The worker fell when the scaffold anchoring/support failed. Although the fall height was approximately 1 m, the uncontrolled scaffold failure and impact against a structural support created a credible potential for a serious injury.","During scaffold dismantling, the rivets of the anchor support broke, causing the worker to fall and impact his right knee against a support connected to the scaffold structure.",Scaffold structural failure / fall energy.,"Serious impact injury, fracture, crush injury, or potentially more severe injury from scaffold collapse.","Scaffold anchoring/support failed during dismantling, indicating inadequate structural integrity verification or control of the dismantling process.",HIGH,annotator_01,2026-09-03T08:44:14.805226+00:00,Worker was directly exposed to a scaffold collapse/fall while dismantling it at approximately 1 m height.,429.0,,v0.2_calibration,YES,pilot,False,True
industrial_safety_000370,industrial_safety_analytics_database,incident,2017-03-15T00:00:00,Country_02,Local_08,Metals,,,"During the preparation for the solubilization activity of the sample in the chapel, the maid when moving the vial of nitric acid, the same detached from the doser, causing projection in the region of the face and upper limbs.",,,,,['Chemical substances'],[],[],[],[],[],II,IV,YES,,v0.1,Female,Employee,during the preparation for the solubilization activity of the sample in the chapel the maid when moving the vial of nitric acid the same detached from the doser causing projection in the region of the face and upper limbs,DUP_0148,1,False,4,,,,['Chemical substances'],,completed,"The worker was exposed to nitric acid, a highly corrosive chemical, which was projected toward the face and upper limbs. Facial/eye exposure or significant chemical contact could result in severe or potentially life-threatening injury.","The nitric acid vial detached from the doser, causing a projection toward the worker's face and upper limbs.",Corrosive chemical energy – nitric acid.,"Severe chemical burns, serious eye injury, respiratory injury, permanent impairment, or potentially fatal exposure.","Vial/doser connection failed or became detached, allowing uncontrolled chemical release toward the worker.",HIGH,annotator_01,2026-09-03T08:45:08.923342+00:00,"Direct exposure to projected nitric acid, including the face and upper limbs.",225.0,,v0.2_calibration,YES,pilot,False,True
industrial_safety_000332,industrial_safety_analytics_database,incident,2017-02-08T00:00:00,Country_01,Local_03,Mining,,,"Being 12:20 hours Approximately, in circumstances that the Administrative SSOMAC, was arranged to move the guillotine of the right side towards the center of the table to make cuts of enmicadas pages, when trying to raise the guillotine the middle finger of the right hand It rubs against the edge of the guillotine blade, causing the cut in the yolk of the third finger of the right hand.",,,,,['Cut'],[],[],[],[],[],II,IV,NO,,v0.1,Male,Third Party,being 1220 hours approximately in circumstances that the administrative ssomac was arranged to move the guillotine of the right side towards the center of the table to make cuts of enmicadas pages when trying to raise the guillotine the middle finger of the right hand it rubs against the edge of the guillotine blade causing the cut in the yolk of the third finger of the right hand,DUP_0084,1,False,4,,,,['Cut'],,completed,"The incident involved contact with a guillotine blade causing a cut to the finger. Based on the narrative, the exposure was limited to a hand/finger injury and there is no indication of a credible fatal or life-altering consequence.","The worker's right middle finger rubbed against the edge of the guillotine blade, causing a cut to the fingertip.",Sharp blade / mechanical cutting energy.,"Laceration or more severe finger injury, potentially including tendon/nerve damage or amputation.",Inadequate hand clearance/guarding while manipulating the guillotine blade.,HIGH,annotator_01,2026-09-03T08:43:02.749109+00:00,Direct hand/finger exposure to the guillotine blade while raising it.,389.0,,v0.2_calibration,NO,pilot,False,True
industrial_safety_000076,industrial_safety_analytics_database,incident,2016-03-18T00:00:00,Country_02,Local_05,Metals,,,"The employee was clearing the liquid zinc pump from oven 04, when he stepped on the platform and became unbalanced with a twist in his left foot.",,,,,['Fall prevention (same level)'],[],[],[],[],[],I,IV,NO,,v0.1,Male,Employee,the employee was clearing the liquid zinc pump from oven 04 when he stepped on the platform and became unbalanced with a twist in his left foot,DUP_0315,1,False,4,,,,['Fall prevention (same level)'],,completed,"The incident involved a same-level loss of balance and twisting of the foot, with no indication of significant fall height, high-energy release, or credible fatal-injury mechanism.","While clearing the liquid zinc pump, the employee stepped onto the platform, became unbalanced, and twisted his left foot.",Same-level slip/trip/loss of balance; low gravitational energy.,"Sprain, strain, or other minor-to-moderate musculoskeletal injury.","Platform access/working surface allowed a loss of balance, but there is no evidence of a failed critical barrier associated with SIF exposure.",HIGH,annotator_01,2026-09-03T08:42:09.925355+00:00,Employee was exposed while walking/working on the platform.,145.0,,v0.2_calibration,NO,pilot,False,True
industrial_safety_000314,industrial_safety_analytics_database,incident,2017-01-20T00:00:00,Country_01,Local_06,Metals,,,"At 15:05 hours, Mr. Cesar Tello-MOINSAC, was carrying out the work of assembling the water line, for that he climbs up the cat ladder and at an approximate height of 2.5 meters he vanishes and falls, hitting himself on the way, being transferred to the medical center for his attention.",,,,,['Fall prevention'],[],[],[],[],[],IV,IV,YES,,v0.1,Male,Third Party (Remote),at 1505 hours mr cesar tellomoinsac was carrying out the work of assembling the water line for that he climbs up the cat ladder and at an approximate height of 25 meters he vanishes and falls hitting himself on the way being transferred to the medical center for his attention,DUP_0029,1,False,4,,,,['Fall prevention'],,completed,"The worker fell from approximately 2.5 m while climbing a ladder. A fall from this height can result in serious or fatal head, spinal, or other impact injuries.","The worker was assembling a water line, climbed the cat ladder to approximately 2.5 m, then fell and struck himself during the fall, requiring medical attention.",Fall from height / gravitational energy.,"Severe head injury, spinal injury, fractures, permanent disability, or fatality.",Fall-prevention controls were inadequate or failed to prevent the worker from falling from the ladder.,HIGH,annotator_01,2026-09-03T08:40:58.958735+00:00,Worker was directly exposed to a fall while working approximately 2.5 m above ground on a ladder.,286.0,,v0.2_calibration,YES,pilot,False,True
industrial_safety_000312,industrial_safety_analytics_database,incident,2017-01-17T00:00:00,Country_02,Local_08,Metals,,,"Upon approaching the furnace that was in the process of melting the Zn ingot, it was struck by liquid metal projection.",,,,,['Liquid Metal'],[],[],[],[],[],I,IV,YES,,v0.1,Male,Employee,upon approaching the furnace that was in the process of melting the zn ingot it was struck by liquid metal projection,DUP_0361,1,False,4,,,,['Liquid Metal'],,completed,"The worker was exposed to molten/liquid metal during furnace operation. A projection of liquid zinc can cause severe thermal burns, eye injury, or potentially fatal injury depending on the quantity and exposure area.","While approaching the furnace during Zn ingot melting, the worker was struck by a projection of liquid metal.",Molten/liquid metal and extreme thermal energy.,"Severe or extensive thermal burns, eye injury, permanent disability, or fatality.",Insufficient protection/separation from the molten-metal projection zone while approaching the operating furnace.,HIGH,annotator_01,2026-09-03T08:39:58.524492+00:00,Direct exposure to liquid-metal projection while approaching an operating furnace.,119.0,,v0.2_calibration,YES,pilot,False,True
industrial_safety_000297,industrial_safety_analytics_database,incident,2016-12-30T00:00:00,Country_01,Local_04,Mining,,,"At 13:40 hours, Mr. Hidalgo, wanting to climb on the starter board to remove the fans, stands on an unstable reel and, when driving, fell frontally at a height of 2.98m.",,,,,['Others'],[],[],[],[],[],IV,V,YES,,v0.1,Male,Third Party,at 1340 hours mr hidalgo wanting to climb on the starter board to remove the fans stands on an unstable reel and when driving fell frontally at a height of 298m,DUP_0025,1,False,5,,,,['Others'],,completed,"The worker climbed onto an unstable reel and fell from a height of 2.98 m. A fall from this height has credible potential for a serious or fatal injury, particularly from head, neck, or spinal impact.",The worker stood on an unstable reel while attempting to climb onto the starter board and fell frontally from 2.98 m.,Fall from height / gravitational energy.,"Severe head injury, spinal injury, fractures, permanent disability, or fatality.",Inadequate work-at-height controls and unstable access surface; the worker used an unstable reel instead of a safe access platform.,HIGH,annotator_01,2026-09-03T08:38:09.446929+00:00,Worker was directly exposed to a fall while standing on an unstable reel at approximately 3 m elevation.,169.0,,v0.2_calibration,YES,pilot,False,True
industrial_safety_000108,industrial_safety_analytics_database,incident,2016-04-21T00:00:00,Country_02,Local_02,Mining,,,"When performing cleaning with LHD in block F 9970 at level 420, the operator was surprised by a rock block displacement of the side of the gallery, reaching his right leg causing him superficial injury",,,,,['Others'],[],[],[],[],[],I,V,YES,,v0.1,Male,Employee,when performing cleaning with lhd in block f 9970 at level 420 the operator was surprised by a rock block displacement of the side of the gallery reaching his right leg causing him superficial injury,DUP_0387,1,False,5,,,,['Others'],,completed,The operator was exposed to ground/rock-fall hazards while operating an LHD in an underground gallery. A displaced rock block struck the worker's leg; a larger rock fall or impact to the head/torso could have resulted in a serious or fatal injury.,"A rock block displaced from the side of the gallery and struck the operator's right leg, causing a superficial injury.",Uncontrolled ground/rock movement and gravity energy.,"Serious struck-by injury, crushing, fractures, head injury, or fatality.",Ground support/ground-control measures were insufficient to prevent rock displacement into the operator's work area.,HIGH,annotator_01,2026-09-03T08:36:57.790160+00:00,Operator was exposed to unstable rock/ground while performing LHD cleaning in the gallery.,201.0,,v0.2_calibration,YES,pilot,False,True
industrial_safety_000361,industrial_safety_analytics_database,incident,2017-03-04T00:00:00,Country_02,Local_02,Mining,,,"The employee, who was hitchhiking, on the CEP 403 truck, equipment, he crossed the central canterio of the track to catch the key of the wheel loader with another operator who was stopped in the opposite direction. Upon returning to the truck, it was hit in the arm left by the loader tire that was traveling along the road and passed the CEP-403 on the right.",,,,,['Vehicles and Mobile Equipment'],[],[],[],[],[],I,V,YES,,v0.1,Male,Employee,the employee who was hitchhiking on the cep 403 truck equipment he crossed the central canterio of the track to catch the key of the wheel loader with another operator who was stopped in the opposite direction upon returning to the truck it was hit in the arm left by the loader tire that was traveling along the road and passed the cep403 on the right,DUP_0325,1,False,5,,,,['Vehicles and Mobile Equipment'],,completed,"The worker was exposed to moving heavy mobile equipment while crossing the roadway. The loader tire struck his arm, and a small change in position or timing could have resulted in a fatal crushing or run-over incident.","The worker crossed the center of the road to obtain a wheel-loader key. While returning to the truck, the loader tire struck his left arm as the loader passed the CEP-403 truck.",Mobile equipment / vehicle movement and crushing energy.,"Crushing, amputation, run-over, severe injury, or fatality.",Inadequate separation between pedestrians and mobile equipment; the worker crossed the roadway while the loader was traveling through the area.,HIGH,annotator_01,2026-09-03T08:35:48.588052+00:00,Worker was on foot in the path/operating area of moving heavy equipment.,360.0,,v0.2_calibration,YES,pilot,False,True
industrial_safety_000331,industrial_safety_analytics_database,incident,2017-02-07T00:00:00,Country_01,Local_03,Mining,,,"In Level 2900 - OP 5 the worker performed the chuteo ore from the hopper to the second car, perceived a slip of water and mud through the hopper, decided to leave the platform and when he was already down the second rung of the ladder of access, the water increases and a fragment of rock slides and hits the back of the worker causing it to fall and hit the right forearm and left knee.",,,,,['remains of choco'],[],[],[],[],[],II,V,YES,,v0.1,Male,Employee,in level 2900  op 5 the worker performed the chuteo ore from the hopper to the second car perceived a slip of water and mud through the hopper decided to leave the platform and when he was already down the second rung of the ladder of access the water increases and a fragment of rock slides and hits the back of the worker causing it to fall and hit the right forearm and left knee,DUP_0220,1,False,5,,,,['remains of choco'],,completed,"The worker was exposed to a combination of falling rock, water/mud, and fall-from-height hazards while descending a ladder. The rock impact caused a fall, and a similar event could have resulted in a serious or fatal injury.","Water and mud increased through the hopper, a fragment of rock slid and hit the worker's back, causing him to fall and strike his right forearm and left knee.","Falling/sliding rock, water and mud, gravity/fall energy.","Serious struck-by injury, fall-related injury, fractures, head/spinal injury, or fatality.","The worker recognized the water/mud hazard and attempted to leave the platform, but the control was insufficient to prevent the rock from striking him.",HIGH,annotator_01,2026-09-03T08:33:52.003543+00:00,Worker was directly exposed while descending the access ladder/platform during ore chuteo.,387.0,,v0.2_calibration,YES,pilot,False,True
industrial_safety_000140,industrial_safety_analytics_database,incident,2016-05-27T00:00:00,Country_02,Local_02,Mining,,,"When checking voltage at the power outlet of the the plug and socket to make sure the connection was correct, when there was a small electrical arc in the power cord, causing a slight burn in the right hand wrist. The protection system acted immediately.",,,,,['Others'],[],[],[],[],[],I,V,YES,,v0.1,Male,Employee,when checking voltage at the power outlet of the the plug and socket to make sure the connection was correct when there was a small electrical arc in the power cord causing a slight burn in the right hand wrist the protection system acted immediately,DUP_0370,1,False,5,,,,['Others'],,completed,"The worker was exposed to energized electrical equipment, and an electrical arc occurred. Although the actual injury was minor, electrical shock or arc-flash exposure could potentially have resulted in a serious or fatal injury.","A small electrical arc occurred in the power cord while checking voltage, causing a burn to the right wrist. The protection system acted immediately.",Electrical energy / arc-flash energy,"Severe burn, electric shock, electrocution, or fatality.","Protection system acted immediately, preventing escalation. However, the worker remained exposed to energized electrical equipment during the task.",HIGH,annotator_01,2026-09-03T08:31:54.118186+00:00,Worker directly exposed to energized plug/socket and power cord while checking voltage.,254.0,,v0.2_calibration,YES,adjudicated,False,True
