report_id,review_type,probability,sif_label,description
industrial_safety_000190,HIGH_SCORE_FALSE_POSITIVE,0.8211097984937358,NO,"The employee reports that he was draining ammonia, used as a refrigerant, into a container of water when splashes of the solution drained onto his face."
industrial_safety_000382,HIGH_SCORE_NO_PRECURSOR_EVIDENCE,0.9863461091910516,NO,"Employee to perform painting of the floor of the fuel tank area, he needed cleaning, and by pouring water-thinner on the floor, the bucket slipped out of his hand and the mixture projected onto his left shoulder and lower lip, causing redness and burning."
industrial_safety_000364,LOW_SCORE_FALSE_NEGATIVE,0.4556808364092439,YES,"At Level 3970 (Before -100) When the F6M 801 license plate went from level 3570 to surface, when the pilot trying to locate his radio to answer a call from the concrete plant is distracted and crashes his vehicle against the left gable and the vehicle turns to the right side. When this happens, the copilot hits his right hand against a fragment of broken glass in the window on the right side of the vehicle."
industrial_safety_000075,LOW_SCORE_FALSE_NEGATIVE,0.2725186889269764,YES,The employee checked for acid leakage in the shipping area when he was hit by splashes of solution in his right hemiface.
industrial_safety_000361,LOW_SCORE_FALSE_NEGATIVE,0.0151505494585361,YES,"The employee, who was hitchhiking, on the CEP 403 truck, equipment, he crossed the central canterio of the track to catch the key of the wheel loader with another operator who was stopped in the opposite direction. Upon returning to the truck, it was hit in the arm left by the loader tire that was traveling along the road and passed the CEP-403 on the right."
industrial_safety_000077,LOW_SCORE_FALSE_NEGATIVE,0.0113804484899385,YES,"The employee was transiting toward the cadmium factory, near tank 1440 on copper sulphate, when acid solution spilled in his direction, reaching his legs causing minor burns."
industrial_safety_000422,NORMAL,0.99293809666487,YES,"The convoy of the locomotive 15 operated by Mr. Tito is located in hopper OP2 positioning the 1st car under the hopper, the assistant does not observe anything out of the ordinary (dry load there is no presence of water) and initiates the chute, for this, the hydraulic module of the hopper is switched on and with the controls it slightly moves the hopper handle and an untimely flow of water and mud splashes the operator generating the described injury, in addition the collaborator was 7 meters from the line of fire"
industrial_safety_000314,NORMAL,0.991116678881494,YES,"At 15:05 hours, Mr. Cesar Tello-MOINSAC, was carrying out the work of assembling the water line, for that he climbs up the cat ladder and at an approximate height of 2.5 meters he vanishes and falls, hitting himself on the way, being transferred to the medical center for his attention."
industrial_safety_000384,NORMAL,0.9867825907616966,YES,"In the tower N ° 6 of the old 50 KV LT (disabled and de-energized and 90% dismantled) located in the city of Pasco, the last profiles of the base of the tower previously disassembled were cut, using oxyfuel equipment , at 11:45 am, the Proingcom security supervisor and the foreman, who were on the outside of the fenced area supervising the activity, indicate the stoppage of activities and evacuation to the refuge due to the orange alert indicated on the detector of storms. During the evacuation of the last 02 employees who were inside the fenced area, a loud sound was heard, provoking a fright, which caused the staff to throw themselves to the floor inside the area, then proceeded to leave the work area by his own means through the ladder. Apparently the loud sound would correspond to an electrical discharge in the cable guard that passes over the old towers."
industrial_safety_000426,NORMAL,0.8828214864661822,YES,"In circumstance, the AHK-903 license plate (Empresa which serves the supervision of CMA, carried out the field inspections in the upper bank 4288, when unexpectedly when climbing through the operational access (positive ramp), It slides in an excavated area of ​​approximately 3 meters high, remaining in position with the front part on the floor. The occupants of the vehicle made use of the safety belt and all the complete epps."
industrial_safety_000370,NORMAL,0.8714489612642562,YES,"During the preparation for the solubilization activity of the sample in the chapel, the maid when moving the vial of nitric acid, the same detached from the doser, causing projection in the region of the face and upper limbs."
industrial_safety_000389,NORMAL,0.8664508900505058,YES,"In moments that Mr. William carried out the inspection of the cut of the Block 781 Level 1850 OB6A, so that the loading platform could be realized, in instants that observed the drills positive radial ones that were covered and shotcreteados, he hears a noise from the upper part of the pit (detachments of banks at the center of the pit), to which Mr. William goes back to leave work, but his metatarsal boots makes contact with a rock that was on the floor which causes it to lose balance and stumble on the gable."
industrial_safety_000166,NORMAL,0.8641740868801234,YES,"At approximately 5:45 pm, the operator Paulo (operator of the filters) informed the autoclave operator via radio of a leak on the side of the scruber. The autoclave III feed was stopped by the control and officials Georli and Renato initiated the procedures for closing the autoclave transfer valve for flash TQs. Soon after, there was a break in the chicken, projecting pulp hot and reaching three employees who were inside the room near the equipment."
industrial_safety_000403,NORMAL,0.8639438692414778,YES,"When performing shotcrete casting for resane on Cruise 791 Nv. 1940 at 02:50 p.m. approximately, the operator was placed on the left side of the equipment and started the release of 02 cubic meters, at that time decided to paralyze the task for a few minutes due to a leak of water in the roof box that did not allow the adhesion of the shotcrete to the rock (setting). When restarting the shotcrete launch the operator that was on the left side moved to the right side of the equipment, while the assistant and the operator mixkret to see that there was no pumping went to verify what happened and when they returned they realized that the operator was not, so they assume that he had fallen down the chimney, they left the job to ask for help immediately. The emergency response brigade and the medical service are activated, who verify the death of the collaborator. The accident investigation begins."
industrial_safety_000140,NORMAL,0.7670891387019364,YES,"When checking voltage at the power outlet of the the plug and socket to make sure the connection was correct, when there was a small electrical arc in the power cord, causing a slight burn in the right hand wrist. The protection system acted immediately."
industrial_safety_000074,NORMAL,0.7449511607213508,NO,"During the placement of the last support mesh cloth of the work, in moments that from the ground the injured collaborator reached the electrowelded mesh to the operator of the scissor bolter positioned in the basket, when pressing on the mesh, one of the protruding ends of the mesh, crosses the leather glove causing an injury in his right hand."
industrial_safety_000420,NORMAL,0.6764513689808687,NO,"In circumstances that the driver of the plate truck W5K-915 of the E.E. IMPROMEC, went from the garit plant chicrin to Nv.3420, after entering an internal mine in the area of ​​Santa where 200 m. approx. from the old dining room, stops the vehicle and informs the co-pilot that he can no longer drive, for which he turns off the vehicle and when trying to get off the van loses his balance and falls on his own seat, complaining intense pain in the lumbar area, citing pain due to overexertion due to routine activity (evacuation of residual oil and solid waste cylinders) that they previously performed. The collaborator at the time of the event used their corresponding EPPS."
industrial_safety_000115,NORMAL,0.3458173707783626,NO,"The employee performed the return of the load at the entrance of the debarking machine, while trying to align a cathode was pressed in his right hand."
industrial_safety_000289,NORMAL,0.0822024315526296,NO,"The maid while walking in the electrolysis area, stumbled and fell next to the bathroom in room B."
industrial_safety_000145,NORMAL,0.0320125634874343,NO,"During the process of washing the material (Becker), the tip of the material was broken which caused a cut of the 5th finger of the right hand"
