fold,model,accuracy,precision,recall,f2,pr_auc,false_positive_count,false_negative_count,confusion_matrix
1,TF-IDF + Logistic Regression,0.6428571428571429,0.6363636363636364,0.875,0.813953488372093,0.795673076923077,4,1,"[[2, 4], [1, 7]]"
1,Transformer Embeddings + Logistic Regression,0.7142857142857143,0.8333333333333334,0.625,0.6578947368421053,0.8727564102564103,1,3,"[[5, 1], [3, 5]]"
1,Hybrid TF-IDF + Transformer,0.7142857142857143,0.8333333333333334,0.625,0.6578947368421053,0.896565934065934,1,3,"[[5, 1], [3, 5]]"
2,TF-IDF + Logistic Regression,0.7142857142857143,0.7,0.875,0.8333333333333334,0.8571810134310134,3,1,"[[3, 3], [1, 7]]"
2,Transformer Embeddings + Logistic Regression,0.7857142857142857,0.7777777777777778,0.875,0.8536585365853658,0.8790178571428572,2,1,"[[4, 2], [1, 7]]"
2,Hybrid TF-IDF + Transformer,0.7857142857142857,0.7777777777777778,0.875,0.8536585365853658,0.8790178571428572,2,1,"[[4, 2], [1, 7]]"
3,TF-IDF + Logistic Regression,0.6428571428571429,0.6363636363636364,0.875,0.813953488372093,0.843452380952381,4,1,"[[2, 4], [1, 7]]"
3,Transformer Embeddings + Logistic Regression,0.6428571428571429,0.6666666666666666,0.75,0.7317073170731707,0.6938988095238096,3,2,"[[3, 3], [2, 6]]"
3,Hybrid TF-IDF + Transformer,0.7142857142857143,0.7,0.875,0.8333333333333334,0.7279647435897436,3,1,"[[3, 3], [1, 7]]"
4,TF-IDF + Logistic Regression,0.7857142857142857,0.7777777777777778,0.875,0.8536585365853658,0.8470619658119658,2,1,"[[4, 2], [1, 7]]"
4,Transformer Embeddings + Logistic Regression,0.6428571428571429,0.6666666666666666,0.75,0.7317073170731707,0.7287202380952381,3,2,"[[3, 3], [2, 6]]"
4,Hybrid TF-IDF + Transformer,0.7142857142857143,0.7,0.875,0.8333333333333334,0.7287202380952381,3,1,"[[3, 3], [1, 7]]"
5,TF-IDF + Logistic Regression,0.5,0.5714285714285714,0.5,0.5128205128205128,0.7874323593073593,3,4,"[[3, 3], [4, 4]]"
5,Transformer Embeddings + Logistic Regression,0.7857142857142857,1.0,0.625,0.6756756756756757,0.9159722222222222,0,3,"[[6, 0], [3, 5]]"
5,Hybrid TF-IDF + Transformer,0.7857142857142857,1.0,0.625,0.6756756756756757,0.932426948051948,0,3,"[[6, 0], [3, 5]]"
6,TF-IDF + Logistic Regression,0.5,0.5555555555555556,0.625,0.6097560975609756,0.7354978354978354,4,3,"[[2, 4], [3, 5]]"
6,Transformer Embeddings + Logistic Regression,0.5,0.5714285714285714,0.5,0.5128205128205128,0.747470238095238,3,4,"[[3, 3], [4, 4]]"
6,Hybrid TF-IDF + Transformer,0.7142857142857143,0.75,0.75,0.75,0.769047619047619,2,2,"[[4, 2], [2, 6]]"
7,TF-IDF + Logistic Regression,0.7142857142857143,0.75,0.75,0.75,0.9208333333333334,2,2,"[[4, 2], [2, 6]]"
7,Transformer Embeddings + Logistic Regression,0.7142857142857143,0.8333333333333334,0.625,0.6578947368421053,0.8607954545454546,1,3,"[[5, 1], [3, 5]]"
7,Hybrid TF-IDF + Transformer,0.7142857142857143,0.8333333333333334,0.625,0.6578947368421053,0.895021645021645,1,3,"[[5, 1], [3, 5]]"
8,TF-IDF + Logistic Regression,0.7857142857142857,0.7777777777777778,0.875,0.8536585365853658,0.9062881562881563,2,1,"[[4, 2], [1, 7]]"
8,Transformer Embeddings + Logistic Regression,0.5714285714285714,0.625,0.625,0.625,0.6892857142857143,3,3,"[[3, 3], [3, 5]]"
8,Hybrid TF-IDF + Transformer,0.5714285714285714,0.625,0.625,0.625,0.6892857142857143,3,3,"[[3, 3], [3, 5]]"
9,TF-IDF + Logistic Regression,0.35714285714285715,0.4444444444444444,0.5,0.4878048780487805,0.7637362637362637,5,4,"[[1, 5], [4, 4]]"
9,Transformer Embeddings + Logistic Regression,0.6428571428571429,0.6666666666666666,0.75,0.7317073170731707,0.8507326007326007,3,2,"[[3, 3], [2, 6]]"
9,Hybrid TF-IDF + Transformer,0.6428571428571429,0.6666666666666666,0.75,0.7317073170731707,0.838474025974026,3,2,"[[3, 3], [2, 6]]"
10,TF-IDF + Logistic Regression,0.7142857142857143,0.7,0.875,0.8333333333333334,0.9659090909090909,3,1,"[[3, 3], [1, 7]]"
10,Transformer Embeddings + Logistic Regression,0.9285714285714286,0.8888888888888888,1.0,0.975609756097561,1.0,1,0,"[[5, 1], [0, 8]]"
10,Hybrid TF-IDF + Transformer,1.0,1.0,1.0,1.0,1.0,0,0,"[[6, 0], [0, 8]]"
11,TF-IDF + Logistic Regression,0.6428571428571429,0.6666666666666666,0.75,0.7317073170731707,0.8200757575757576,3,2,"[[3, 3], [2, 6]]"
11,Transformer Embeddings + Logistic Regression,0.6428571428571429,0.6666666666666666,0.75,0.7317073170731707,0.5904626623376624,3,2,"[[3, 3], [2, 6]]"
11,Hybrid TF-IDF + Transformer,0.6428571428571429,0.6666666666666666,0.75,0.7317073170731707,0.6739448051948053,3,2,"[[3, 3], [2, 6]]"
12,TF-IDF + Logistic Regression,0.7857142857142857,0.7777777777777778,0.875,0.8536585365853658,0.9519230769230769,2,1,"[[4, 2], [1, 7]]"
12,Transformer Embeddings + Logistic Regression,0.8571428571428571,1.0,0.75,0.7894736842105263,0.975,0,2,"[[6, 0], [2, 6]]"
12,Hybrid TF-IDF + Transformer,0.9285714285714286,1.0,0.875,0.8974358974358975,0.975,0,1,"[[6, 0], [1, 7]]"
13,TF-IDF + Logistic Regression,0.42857142857142855,0.5,0.5,0.5,0.5668470418470419,4,4,"[[2, 4], [4, 4]]"
13,Transformer Embeddings + Logistic Regression,0.5,1.0,0.125,0.15151515151515152,0.9115936147186148,0,7,"[[6, 0], [7, 1]]"
13,Hybrid TF-IDF + Transformer,0.5,1.0,0.125,0.15151515151515152,0.7628787878787879,0,7,"[[6, 0], [7, 1]]"
14,TF-IDF + Logistic Regression,0.6428571428571429,0.6363636363636364,0.875,0.813953488372093,0.7910037878787879,4,1,"[[2, 4], [1, 7]]"
14,Transformer Embeddings + Logistic Regression,0.6428571428571429,0.6363636363636364,0.875,0.813953488372093,0.6124209124209123,4,1,"[[2, 4], [1, 7]]"
14,Hybrid TF-IDF + Transformer,0.7142857142857143,0.6666666666666666,1.0,0.9090909090909091,0.6135281385281385,4,0,"[[2, 4], [0, 8]]"
15,TF-IDF + Logistic Regression,0.7857142857142857,0.7777777777777778,0.875,0.8536585365853658,0.9427083333333333,2,1,"[[4, 2], [1, 7]]"
15,Transformer Embeddings + Logistic Regression,0.6428571428571429,0.6363636363636364,0.875,0.813953488372093,0.8976076007326008,4,1,"[[2, 4], [1, 7]]"
15,Hybrid TF-IDF + Transformer,0.7142857142857143,0.7,0.875,0.8333333333333334,0.9362980769230769,3,1,"[[3, 3], [1, 7]]"
16,TF-IDF + Logistic Regression,0.7857142857142857,0.7272727272727273,1.0,0.9302325581395349,0.928409090909091,3,0,"[[3, 3], [0, 8]]"
16,Transformer Embeddings + Logistic Regression,0.5714285714285714,0.625,0.625,0.625,0.7842147435897435,3,3,"[[3, 3], [3, 5]]"
16,Hybrid TF-IDF + Transformer,0.6428571428571429,0.6666666666666666,0.75,0.7317073170731707,0.7762601981351981,3,2,"[[3, 3], [2, 6]]"
17,TF-IDF + Logistic Regression,0.5,0.5555555555555556,0.625,0.6097560975609756,0.7887896825396825,4,3,"[[2, 4], [3, 5]]"
17,Transformer Embeddings + Logistic Regression,0.6428571428571429,1.0,0.375,0.42857142857142855,0.84375,0,5,"[[6, 0], [5, 3]]"
17,Hybrid TF-IDF + Transformer,0.5714285714285714,0.75,0.375,0.4166666666666667,0.84375,1,5,"[[5, 1], [5, 3]]"
18,TF-IDF + Logistic Regression,0.5714285714285714,0.6666666666666666,0.5,0.5263157894736842,0.8051948051948052,2,4,"[[4, 2], [4, 4]]"
18,Transformer Embeddings + Logistic Regression,0.7142857142857143,0.7,0.875,0.8333333333333334,0.8928952991452992,3,1,"[[3, 3], [1, 7]]"
18,Hybrid TF-IDF + Transformer,0.7857142857142857,0.7777777777777778,0.875,0.8536585365853658,0.9381313131313131,2,1,"[[4, 2], [1, 7]]"
19,TF-IDF + Logistic Regression,0.7142857142857143,0.7,0.875,0.8333333333333334,0.9062881562881563,3,1,"[[3, 3], [1, 7]]"
19,Transformer Embeddings + Logistic Regression,0.7142857142857143,0.7,0.875,0.8333333333333334,0.8553436147186148,3,1,"[[3, 3], [1, 7]]"
19,Hybrid TF-IDF + Transformer,0.7142857142857143,0.7,0.875,0.8333333333333334,0.9502840909090909,3,1,"[[3, 3], [1, 7]]"
20,TF-IDF + Logistic Regression,0.6428571428571429,0.7142857142857143,0.625,0.6410256410256411,0.8238906926406927,2,3,"[[4, 2], [3, 5]]"
20,Transformer Embeddings + Logistic Regression,0.6428571428571429,0.7142857142857143,0.625,0.6410256410256411,0.7982503607503608,2,3,"[[4, 2], [3, 5]]"
20,Hybrid TF-IDF + Transformer,0.7142857142857143,0.75,0.75,0.75,0.8385912698412699,2,2,"[[4, 2], [2, 6]]"
21,TF-IDF + Logistic Regression,0.7857142857142857,0.7777777777777778,0.875,0.8536585365853658,0.9186507936507937,2,1,"[[4, 2], [1, 7]]"
21,Transformer Embeddings + Logistic Regression,0.7142857142857143,0.7,0.875,0.8333333333333334,0.7419507575757576,3,1,"[[3, 3], [1, 7]]"
21,Hybrid TF-IDF + Transformer,0.7142857142857143,0.7,0.875,0.8333333333333334,0.8385912698412699,3,1,"[[3, 3], [1, 7]]"
22,TF-IDF + Logistic Regression,0.6428571428571429,0.6666666666666666,0.75,0.7317073170731707,0.776271645021645,3,2,"[[3, 3], [2, 6]]"
22,Transformer Embeddings + Logistic Regression,0.5714285714285714,0.6666666666666666,0.5,0.5263157894736842,0.7213675213675214,2,4,"[[4, 2], [4, 4]]"
22,Hybrid TF-IDF + Transformer,0.5714285714285714,0.625,0.625,0.625,0.7696314102564102,3,3,"[[3, 3], [3, 5]]"
23,TF-IDF + Logistic Regression,0.5714285714285714,0.6,0.75,0.7142857142857143,0.8141254578754579,4,2,"[[2, 4], [2, 6]]"
23,Transformer Embeddings + Logistic Regression,0.8571428571428571,1.0,0.75,0.7894736842105263,0.975,0,2,"[[6, 0], [2, 6]]"
23,Hybrid TF-IDF + Transformer,0.8571428571428571,1.0,0.75,0.7894736842105263,0.9861111111111112,0,2,"[[6, 0], [2, 6]]"
24,TF-IDF + Logistic Regression,0.7142857142857143,0.7,0.875,0.8333333333333334,0.7947781385281385,3,1,"[[3, 3], [1, 7]]"
24,Transformer Embeddings + Logistic Regression,0.7142857142857143,0.8333333333333334,0.625,0.6578947368421053,0.9085317460317461,1,3,"[[5, 1], [3, 5]]"
24,Hybrid TF-IDF + Transformer,0.7142857142857143,0.75,0.75,0.75,0.9159722222222222,2,2,"[[4, 2], [2, 6]]"
25,TF-IDF + Logistic Regression,0.8571428571428571,0.875,0.875,0.875,0.9248511904761905,1,1,"[[5, 1], [1, 7]]"
25,Transformer Embeddings + Logistic Regression,0.7142857142857143,0.7,0.875,0.8333333333333334,0.8065476190476191,3,1,"[[3, 3], [1, 7]]"
25,Hybrid TF-IDF + Transformer,0.7142857142857143,0.7,0.875,0.8333333333333334,0.856845238095238,3,1,"[[3, 3], [1, 7]]"
26,TF-IDF + Logistic Regression,0.7857142857142857,0.8571428571428571,0.75,0.7692307692307693,0.8553436147186148,1,2,"[[5, 1], [2, 6]]"
26,Transformer Embeddings + Logistic Regression,0.5714285714285714,0.6,0.75,0.7142857142857143,0.755048076923077,4,2,"[[2, 4], [2, 6]]"
26,Hybrid TF-IDF + Transformer,0.5714285714285714,0.6,0.75,0.7142857142857143,0.8189685314685314,4,2,"[[2, 4], [2, 6]]"
27,TF-IDF + Logistic Regression,0.7142857142857143,0.75,0.75,0.75,0.8886113886113887,2,2,"[[4, 2], [2, 6]]"
27,Transformer Embeddings + Logistic Regression,0.7142857142857143,0.8333333333333334,0.625,0.6578947368421053,0.9105519480519481,1,3,"[[5, 1], [3, 5]]"
27,Hybrid TF-IDF + Transformer,0.7142857142857143,0.8333333333333334,0.625,0.6578947368421053,0.8867424242424242,1,3,"[[5, 1], [3, 5]]"
28,TF-IDF + Logistic Regression,0.5,0.5384615384615384,0.875,0.7777777777777778,0.7192775974025973,6,1,"[[0, 6], [1, 7]]"
28,Transformer Embeddings + Logistic Regression,0.7142857142857143,0.7,0.875,0.8333333333333334,0.6412202380952381,3,1,"[[3, 3], [1, 7]]"
28,Hybrid TF-IDF + Transformer,0.7142857142857143,0.7,0.875,0.8333333333333334,0.6293154761904762,3,1,"[[3, 3], [1, 7]]"
29,TF-IDF + Logistic Regression,0.7142857142857143,0.75,0.75,0.75,0.9472222222222222,2,2,"[[4, 2], [2, 6]]"
29,Transformer Embeddings + Logistic Regression,0.7142857142857143,0.8333333333333334,0.625,0.6578947368421053,0.8865936147186148,1,3,"[[5, 1], [3, 5]]"
29,Hybrid TF-IDF + Transformer,0.7857142857142857,0.8571428571428571,0.75,0.7692307692307693,0.8865936147186148,1,2,"[[5, 1], [2, 6]]"
30,TF-IDF + Logistic Regression,0.5714285714285714,0.6,0.75,0.7142857142857143,0.8189685314685314,4,2,"[[2, 4], [2, 6]]"
30,Transformer Embeddings + Logistic Regression,0.8571428571428571,1.0,0.75,0.7894736842105263,0.9519230769230769,0,2,"[[6, 0], [2, 6]]"
30,Hybrid TF-IDF + Transformer,0.9285714285714286,1.0,0.875,0.8974358974358975,0.9519230769230769,0,1,"[[6, 0], [1, 7]]"
31,TF-IDF + Logistic Regression,0.5714285714285714,0.6,0.75,0.7142857142857143,0.8023809523809524,4,2,"[[2, 4], [2, 6]]"
31,Transformer Embeddings + Logistic Regression,0.6428571428571429,0.8,0.5,0.5405405405405406,0.8477678571428572,1,4,"[[5, 1], [4, 4]]"
31,Hybrid TF-IDF + Transformer,0.7142857142857143,0.8333333333333334,0.625,0.6578947368421053,0.8361492673992674,1,3,"[[5, 1], [3, 5]]"
32,TF-IDF + Logistic Regression,0.6428571428571429,0.6363636363636364,0.875,0.813953488372093,0.8791666666666667,4,1,"[[2, 4], [1, 7]]"
32,Transformer Embeddings + Logistic Regression,0.7857142857142857,0.7777777777777778,0.875,0.8536585365853658,0.8610479797979799,2,1,"[[4, 2], [1, 7]]"
32,Hybrid TF-IDF + Transformer,0.7857142857142857,0.7272727272727273,1.0,0.9302325581395349,0.8701388888888889,3,0,"[[3, 3], [0, 8]]"
33,TF-IDF + Logistic Regression,0.6428571428571429,0.6666666666666666,0.75,0.7317073170731707,0.897159090909091,3,2,"[[3, 3], [2, 6]]"
33,Transformer Embeddings + Logistic Regression,0.8571428571428571,0.8,1.0,0.9523809523809523,0.8388888888888889,2,0,"[[4, 2], [0, 8]]"
33,Hybrid TF-IDF + Transformer,0.7857142857142857,0.7272727272727273,1.0,0.9302325581395349,0.9085317460317461,3,0,"[[3, 3], [0, 8]]"
34,TF-IDF + Logistic Regression,0.7142857142857143,0.7,0.875,0.8333333333333334,0.826923076923077,3,1,"[[3, 3], [1, 7]]"
34,Transformer Embeddings + Logistic Regression,0.6428571428571429,0.7142857142857143,0.625,0.6410256410256411,0.8395042457542458,2,3,"[[4, 2], [3, 5]]"
34,Hybrid TF-IDF + Transformer,0.7142857142857143,0.75,0.75,0.75,0.8543851981351982,2,2,"[[4, 2], [2, 6]]"
35,TF-IDF + Logistic Regression,0.6428571428571429,0.7142857142857143,0.625,0.6410256410256411,0.7872023809523809,2,3,"[[4, 2], [3, 5]]"
35,Transformer Embeddings + Logistic Regression,0.7142857142857143,0.7,0.875,0.8333333333333334,0.7705357142857143,3,1,"[[3, 3], [1, 7]]"
35,Hybrid TF-IDF + Transformer,0.7857142857142857,0.7777777777777778,0.875,0.8536585365853658,0.8219246031746031,2,1,"[[4, 2], [1, 7]]"
36,TF-IDF + Logistic Regression,0.6428571428571429,0.6363636363636364,0.875,0.813953488372093,0.8158119658119658,4,1,"[[2, 4], [1, 7]]"
36,Transformer Embeddings + Logistic Regression,0.7857142857142857,1.0,0.625,0.6756756756756757,0.9704861111111112,0,3,"[[6, 0], [3, 5]]"
36,Hybrid TF-IDF + Transformer,0.8571428571428571,1.0,0.75,0.7894736842105263,0.975,0,2,"[[6, 0], [2, 6]]"
37,TF-IDF + Logistic Regression,0.5714285714285714,0.625,0.625,0.625,0.7863553113553113,3,3,"[[3, 3], [3, 5]]"
37,Transformer Embeddings + Logistic Regression,0.7142857142857143,1.0,0.5,0.5555555555555556,0.9068813131313131,0,4,"[[6, 0], [4, 4]]"
37,Hybrid TF-IDF + Transformer,0.7142857142857143,1.0,0.5,0.5555555555555556,0.9128787878787878,0,4,"[[6, 0], [4, 4]]"
38,TF-IDF + Logistic Regression,0.5,0.5454545454545454,0.75,0.6976744186046512,0.8123397435897436,5,2,"[[1, 5], [2, 6]]"
38,Transformer Embeddings + Logistic Regression,0.6428571428571429,0.6363636363636364,0.875,0.813953488372093,0.7509740259740261,4,1,"[[2, 4], [1, 7]]"
38,Hybrid TF-IDF + Transformer,0.6428571428571429,0.6363636363636364,0.875,0.813953488372093,0.8372835497835498,4,1,"[[2, 4], [1, 7]]"
39,TF-IDF + Logistic Regression,0.7142857142857143,0.75,0.75,0.75,0.9293650793650794,2,2,"[[4, 2], [2, 6]]"
39,Transformer Embeddings + Logistic Regression,0.6428571428571429,0.6666666666666666,0.75,0.7317073170731707,0.7224702380952381,3,2,"[[3, 3], [2, 6]]"
39,Hybrid TF-IDF + Transformer,0.6428571428571429,0.6666666666666666,0.75,0.7317073170731707,0.8065476190476191,3,2,"[[3, 3], [2, 6]]"
40,TF-IDF + Logistic Regression,0.6428571428571429,0.6666666666666666,0.75,0.7317073170731707,0.8491883116883117,3,2,"[[3, 3], [2, 6]]"
40,Transformer Embeddings + Logistic Regression,0.7142857142857143,0.7,0.875,0.8333333333333334,0.7719246031746031,3,1,"[[3, 3], [1, 7]]"
40,Hybrid TF-IDF + Transformer,0.7857142857142857,0.7272727272727273,1.0,0.9302325581395349,0.7982503607503608,3,0,"[[3, 3], [0, 8]]"
41,TF-IDF + Logistic Regression,0.5,0.5714285714285714,0.5,0.5128205128205128,0.8203869047619048,3,4,"[[3, 3], [4, 4]]"
41,Transformer Embeddings + Logistic Regression,0.6428571428571429,0.8,0.5,0.5405405405405406,0.7972222222222223,1,4,"[[5, 1], [4, 4]]"
41,Hybrid TF-IDF + Transformer,0.7142857142857143,0.8333333333333334,0.625,0.6578947368421053,0.7972222222222223,1,3,"[[5, 1], [3, 5]]"
42,TF-IDF + Logistic Regression,0.5,0.5384615384615384,0.875,0.7777777777777778,0.7357142857142858,6,1,"[[0, 6], [1, 7]]"
42,Transformer Embeddings + Logistic Regression,0.7857142857142857,0.7777777777777778,0.875,0.8536585365853658,0.8388888888888889,2,1,"[[4, 2], [1, 7]]"
42,Hybrid TF-IDF + Transformer,0.7857142857142857,0.7777777777777778,0.875,0.8536585365853658,0.8701388888888889,2,1,"[[4, 2], [1, 7]]"
43,TF-IDF + Logistic Regression,0.7142857142857143,0.75,0.75,0.75,0.9202741702741702,2,2,"[[4, 2], [2, 6]]"
43,Transformer Embeddings + Logistic Regression,0.7857142857142857,0.7777777777777778,0.875,0.8536585365853658,0.9305555555555556,2,1,"[[4, 2], [1, 7]]"
43,Hybrid TF-IDF + Transformer,0.7857142857142857,0.7777777777777778,0.875,0.8536585365853658,0.975,2,1,"[[4, 2], [1, 7]]"
44,TF-IDF + Logistic Regression,0.8571428571428571,0.875,0.875,0.875,0.8956845238095239,1,1,"[[5, 1], [1, 7]]"
44,Transformer Embeddings + Logistic Regression,0.5714285714285714,0.625,0.625,0.625,0.7143554362304363,3,3,"[[3, 3], [3, 5]]"
44,Hybrid TF-IDF + Transformer,0.5714285714285714,0.625,0.625,0.625,0.7641254578754579,3,3,"[[3, 3], [3, 5]]"
45,TF-IDF + Logistic Regression,0.8571428571428571,0.875,0.875,0.875,0.9129464285714286,1,1,"[[5, 1], [1, 7]]"
45,Transformer Embeddings + Logistic Regression,0.8571428571428571,0.875,0.875,0.875,0.8644345238095239,1,1,"[[5, 1], [1, 7]]"
45,Hybrid TF-IDF + Transformer,0.8571428571428571,0.875,0.875,0.875,0.9427083333333333,1,1,"[[5, 1], [1, 7]]"
46,TF-IDF + Logistic Regression,0.5714285714285714,0.6666666666666666,0.5,0.5263157894736842,0.8243371212121212,2,4,"[[4, 2], [4, 4]]"
46,Transformer Embeddings + Logistic Regression,0.7142857142857143,0.7,0.875,0.8333333333333334,0.8260281385281385,3,1,"[[3, 3], [1, 7]]"
46,Hybrid TF-IDF + Transformer,0.7857142857142857,0.7777777777777778,0.875,0.8536585365853658,0.8385912698412699,2,1,"[[4, 2], [1, 7]]"
47,TF-IDF + Logistic Regression,0.5714285714285714,0.75,0.375,0.4166666666666667,0.7284000721500722,1,5,"[[5, 1], [5, 3]]"
47,Transformer Embeddings + Logistic Regression,0.7142857142857143,0.8333333333333334,0.625,0.6578947368421053,0.7941287878787879,1,3,"[[5, 1], [3, 5]]"
47,Hybrid TF-IDF + Transformer,0.7142857142857143,0.8333333333333334,0.625,0.6578947368421053,0.7941287878787879,1,3,"[[5, 1], [3, 5]]"
48,TF-IDF + Logistic Regression,0.7142857142857143,0.6666666666666666,1.0,0.9090909090909091,0.975,4,0,"[[2, 4], [0, 8]]"
48,Transformer Embeddings + Logistic Regression,0.6428571428571429,0.6666666666666666,0.75,0.7317073170731707,0.8258928571428571,3,2,"[[3, 3], [2, 6]]"
48,Hybrid TF-IDF + Transformer,0.7142857142857143,0.7,0.875,0.8333333333333334,0.8668650793650794,3,1,"[[3, 3], [1, 7]]"
49,TF-IDF + Logistic Regression,0.6428571428571429,0.6666666666666666,0.75,0.7317073170731707,0.7531114718614719,3,2,"[[3, 3], [2, 6]]"
49,Transformer Embeddings + Logistic Regression,0.7857142857142857,0.8571428571428571,0.75,0.7692307692307693,0.9472222222222222,1,2,"[[5, 1], [2, 6]]"
49,Hybrid TF-IDF + Transformer,0.7857142857142857,0.8571428571428571,0.75,0.7692307692307693,0.9202741702741702,1,2,"[[5, 1], [2, 6]]"
50,TF-IDF + Logistic Regression,0.7142857142857143,0.6666666666666666,1.0,0.9090909090909091,0.8790178571428572,4,0,"[[2, 4], [0, 8]]"
50,Transformer Embeddings + Logistic Regression,0.7142857142857143,0.75,0.75,0.75,0.7592643467643468,2,2,"[[4, 2], [2, 6]]"
50,Hybrid TF-IDF + Transformer,0.7857142857142857,0.7777777777777778,0.875,0.8536585365853658,0.7655143467643467,2,1,"[[4, 2], [1, 7]]"
