representation,C,repeat,fold,accuracy,precision,recall,f2,pr_auc,tn,fp,fn,tp
precursor_structured,0.5,1,1,0.5,0.5714285714285714,0.5,0.5128205128205128,0.7225018037518037,3,3,4,4
precursor_structured,0.5,1,2,0.6428571428571429,0.7142857142857143,0.625,0.6410256410256411,0.8593073593073592,4,2,3,5
precursor_structured,0.5,1,3,0.5714285714285714,0.625,0.625,0.625,0.6737959956709958,3,3,3,5
precursor_structured,0.5,1,4,0.5714285714285714,0.625,0.625,0.625,0.7752976190476191,3,3,3,5
precursor_structured,0.5,1,5,0.5714285714285714,0.625,0.625,0.625,0.6757898351648352,3,3,3,5
precursor_structured,0.5,2,1,0.42857142857142855,0.5,0.125,0.14705882352941177,0.5876803751803752,5,1,7,1
precursor_structured,0.5,2,2,0.7142857142857143,0.8333333333333334,0.625,0.6578947368421053,0.8910714285714285,5,1,3,5
precursor_structured,0.5,2,3,0.7857142857142857,1.0,0.625,0.6756756756756757,0.9129464285714286,6,0,3,5
precursor_structured,0.5,2,4,0.7857142857142857,0.7777777777777778,0.875,0.8536585365853658,0.9659090909090909,4,2,1,7
precursor_structured,0.5,2,5,0.7142857142857143,0.8333333333333334,0.625,0.6578947368421053,0.8068452380952381,5,1,3,5
precursor_structured,0.5,3,1,0.5714285714285714,1.0,0.25,0.29411764705882354,0.7101648351648352,6,0,6,2
precursor_structured,0.5,3,2,0.5,0.5714285714285714,0.5,0.5128205128205128,0.6760687229437229,3,3,4,4
precursor_structured,0.5,3,3,0.7857142857142857,1.0,0.625,0.6756756756756757,0.8816287878787878,6,0,3,5
precursor_structured,0.5,3,4,0.7142857142857143,0.75,0.75,0.75,0.7805555555555556,4,2,2,6
precursor_structured,0.5,3,5,0.7857142857142857,0.8571428571428571,0.75,0.7692307692307693,0.9427083333333333,5,1,2,6
precursor_structured,0.5,4,1,0.42857142857142855,0.5,0.5,0.5,0.6680215617715618,2,4,4,4
precursor_structured,0.5,4,2,0.7857142857142857,1.0,0.625,0.6756756756756757,0.8831730769230769,6,0,3,5
precursor_structured,0.5,4,3,0.5,0.5714285714285714,0.5,0.5128205128205128,0.7819715007215007,3,3,4,4
precursor_structured,0.5,4,4,0.5714285714285714,0.625,0.625,0.625,0.7517857142857143,3,3,3,5
precursor_structured,0.5,4,5,0.6428571428571429,0.6666666666666666,0.75,0.7317073170731707,0.9128787878787878,3,3,2,6
precursor_structured,0.5,5,1,0.6428571428571429,0.7142857142857143,0.625,0.6410256410256411,0.8357954545454546,4,2,3,5
precursor_structured,0.5,5,2,0.6428571428571429,0.6666666666666666,0.75,0.7317073170731707,0.896565934065934,3,3,2,6
precursor_structured,0.5,5,3,0.5,0.5555555555555556,0.625,0.6097560975609756,0.7905219780219781,2,4,3,5
precursor_structured,0.5,5,4,0.5714285714285714,0.6666666666666666,0.5,0.5263157894736842,0.6251945970695971,4,2,4,4
precursor_structured,0.5,5,5,0.7142857142857143,1.0,0.5,0.5555555555555556,0.9317956349206349,6,0,4,4
precursor_structured,0.5,6,1,0.7142857142857143,0.8333333333333334,0.625,0.6578947368421053,0.896565934065934,5,1,3,5
precursor_structured,0.5,6,2,0.5714285714285714,0.6666666666666666,0.5,0.5263157894736842,0.8614448051948053,4,2,4,4
precursor_structured,0.5,6,3,0.35714285714285715,0.4,0.25,0.2702702702702703,0.6952266483516484,3,3,6,2
precursor_structured,0.5,6,4,0.5714285714285714,0.625,0.625,0.625,0.7962037962037962,3,3,3,5
precursor_structured,0.5,6,5,0.6428571428571429,0.7142857142857143,0.625,0.6410256410256411,0.8443452380952381,4,2,3,5
precursor_structured,0.5,7,1,0.7142857142857143,0.75,0.75,0.75,0.8943452380952381,4,2,2,6
precursor_structured,0.5,7,2,0.6428571428571429,0.8,0.5,0.5405405405405406,0.8238906926406927,5,1,4,4
precursor_structured,0.5,7,3,0.5714285714285714,0.625,0.625,0.625,0.838474025974026,3,3,3,5
precursor_structured,0.5,7,4,0.7142857142857143,0.8333333333333334,0.625,0.6578947368421053,0.8543851981351982,5,1,3,5
precursor_structured,0.5,7,5,0.42857142857142855,0.5,0.5,0.5,0.5839556277056277,2,4,4,4
precursor_structured,0.5,8,1,0.5,0.6,0.375,0.40540540540540543,0.7482007575757575,4,2,5,3
precursor_structured,0.5,8,2,0.35714285714285715,0.42857142857142855,0.375,0.38461538461538464,0.6226377788877788,2,4,5,3
precursor_structured,0.5,8,3,0.7857142857142857,1.0,0.625,0.6756756756756757,0.8910714285714285,6,0,3,5
precursor_structured,0.5,8,4,0.7142857142857143,0.75,0.75,0.75,0.9241452991452992,4,2,2,6
precursor_structured,0.5,8,5,0.7142857142857143,0.75,0.75,0.75,0.8720619658119658,4,2,2,6
precursor_structured,0.5,9,1,0.6428571428571429,0.6666666666666666,0.75,0.7317073170731707,0.86875,3,3,2,6
precursor_structured,0.5,9,2,0.6428571428571429,0.7142857142857143,0.625,0.6410256410256411,0.8207542457542457,4,2,3,5
precursor_structured,0.5,9,3,0.7857142857142857,1.0,0.625,0.6756756756756757,0.9659090909090909,6,0,3,5
precursor_structured,0.5,9,4,0.6428571428571429,0.8,0.5,0.5405405405405406,0.8273809523809523,5,1,4,4
precursor_structured,0.5,9,5,0.42857142857142855,0.5,0.25,0.2777777777777778,0.6829184704184704,4,2,6,2
precursor_structured,0.5,10,1,0.5714285714285714,0.625,0.625,0.625,0.7760416666666666,3,3,3,5
precursor_structured,0.5,10,2,0.5714285714285714,0.625,0.625,0.625,0.8375270562770563,3,3,3,5
precursor_structured,0.5,10,3,0.5714285714285714,0.6666666666666666,0.5,0.5263157894736842,0.7679268648018648,4,2,4,4
precursor_structured,0.5,10,4,0.7857142857142857,1.0,0.625,0.6756756756756757,0.9472222222222222,6,0,3,5
precursor_structured,0.5,10,5,0.6428571428571429,0.8,0.5,0.5405405405405406,0.7819715007215007,5,1,4,4
pathway_aware_structured,1.0,1,1,0.5,0.5714285714285714,0.5,0.5128205128205128,0.6671092796092796,3,3,4,4
pathway_aware_structured,1.0,1,2,0.6428571428571429,0.7142857142857143,0.625,0.6410256410256411,0.8387362637362638,4,2,3,5
pathway_aware_structured,1.0,1,3,0.5714285714285714,0.625,0.625,0.625,0.6487959956709958,3,3,3,5
pathway_aware_structured,1.0,1,4,0.5714285714285714,0.625,0.625,0.625,0.7836174242424242,3,3,3,5
pathway_aware_structured,1.0,1,5,0.42857142857142855,0.5,0.5,0.5,0.6658466533466534,2,4,4,4
pathway_aware_structured,1.0,2,1,0.42857142857142855,0.5,0.125,0.14705882352941177,0.5537518037518037,5,1,7,1
pathway_aware_structured,1.0,2,2,0.5,0.6,0.375,0.40540540540540543,0.7376945970695971,4,2,5,3
pathway_aware_structured,1.0,2,3,0.7142857142857143,0.8333333333333334,0.625,0.6578947368421053,0.856845238095238,5,1,3,5
pathway_aware_structured,1.0,2,4,0.8571428571428571,0.8,1.0,0.9523809523809523,0.9317956349206349,4,2,0,8
pathway_aware_structured,1.0,2,5,0.6428571428571429,0.8,0.5,0.5405405405405406,0.7724702380952381,5,1,4,4
pathway_aware_structured,1.0,3,1,0.5714285714285714,1.0,0.25,0.29411764705882354,0.7456807081807082,6,0,6,2
pathway_aware_structured,1.0,3,2,0.5,0.5714285714285714,0.5,0.5128205128205128,0.7245535714285714,3,3,4,4
pathway_aware_structured,1.0,3,3,0.7142857142857143,1.0,0.5,0.5555555555555556,0.8271645021645022,6,0,4,4
pathway_aware_structured,1.0,3,4,0.7142857142857143,0.75,0.75,0.75,0.755952380952381,4,2,2,6
pathway_aware_structured,1.0,3,5,0.7142857142857143,0.75,0.75,0.75,0.9144230769230769,4,2,2,6
pathway_aware_structured,1.0,4,1,0.5,0.5714285714285714,0.5,0.5128205128205128,0.7444180819180819,3,3,4,4
pathway_aware_structured,1.0,4,2,0.7142857142857143,1.0,0.5,0.5555555555555556,0.9241452991452992,6,0,4,4
pathway_aware_structured,1.0,4,3,0.5,0.5714285714285714,0.5,0.5128205128205128,0.7187770562770562,3,3,4,4
pathway_aware_structured,1.0,4,4,0.5714285714285714,0.625,0.625,0.625,0.6599587912087913,3,3,3,5
pathway_aware_structured,1.0,4,5,0.6428571428571429,0.6666666666666666,0.75,0.7317073170731707,0.8816287878787878,3,3,2,6
pathway_aware_structured,1.0,5,1,0.7142857142857143,0.75,0.75,0.75,0.6735930735930736,4,2,2,6
pathway_aware_structured,1.0,5,2,0.6428571428571429,0.6666666666666666,0.75,0.7317073170731707,0.8897186147186147,3,3,2,6
pathway_aware_structured,1.0,5,3,0.5,0.5555555555555556,0.625,0.6097560975609756,0.7905219780219781,2,4,3,5
pathway_aware_structured,1.0,5,4,0.42857142857142855,0.5,0.375,0.39473684210526316,0.5844433344433344,3,3,5,3
pathway_aware_structured,1.0,5,5,0.7142857142857143,1.0,0.5,0.5555555555555556,0.9317956349206349,6,0,4,4
pathway_aware_structured,1.0,6,1,0.7857142857142857,1.0,0.625,0.6756756756756757,0.8672619047619048,6,0,3,5
pathway_aware_structured,1.0,6,2,0.5714285714285714,0.6666666666666666,0.5,0.5263157894736842,0.8364448051948052,4,2,4,4
pathway_aware_structured,1.0,6,3,0.42857142857142855,0.5,0.375,0.39473684210526316,0.7058306277056277,3,3,5,3
pathway_aware_structured,1.0,6,4,0.5714285714285714,0.625,0.625,0.625,0.7905219780219781,3,3,3,5
pathway_aware_structured,1.0,6,5,0.6428571428571429,0.6666666666666666,0.75,0.7317073170731707,0.782224025974026,3,3,2,6
pathway_aware_structured,1.0,7,1,0.6428571428571429,0.6666666666666666,0.75,0.7317073170731707,0.8831168831168832,3,3,2,6
pathway_aware_structured,1.0,7,2,0.6428571428571429,0.8,0.5,0.5405405405405406,0.8301406926406927,5,1,4,4
pathway_aware_structured,1.0,7,3,0.5714285714285714,0.625,0.625,0.625,0.7755952380952381,3,3,3,5
pathway_aware_structured,1.0,7,4,0.7142857142857143,0.8333333333333334,0.625,0.6578947368421053,0.8488906926406927,5,1,3,5
pathway_aware_structured,1.0,7,5,0.5,0.5555555555555556,0.625,0.6097560975609756,0.6034000721500722,2,4,3,5
pathway_aware_structured,1.0,8,1,0.5,0.6,0.375,0.40540540540540543,0.740625,4,2,5,3
pathway_aware_structured,1.0,8,2,0.42857142857142855,0.5,0.375,0.39473684210526316,0.6573600011100011,3,3,5,3
pathway_aware_structured,1.0,8,3,0.7142857142857143,1.0,0.5,0.5555555555555556,0.8910714285714285,6,0,4,4
pathway_aware_structured,1.0,8,4,0.6428571428571429,0.6666666666666666,0.75,0.7317073170731707,0.896565934065934,3,3,2,6
pathway_aware_structured,1.0,8,5,0.5714285714285714,0.6,0.75,0.7142857142857143,0.8372835497835498,2,4,2,6
pathway_aware_structured,1.0,9,1,0.7142857142857143,0.7,0.875,0.8333333333333334,0.8583333333333334,3,3,1,7
pathway_aware_structured,1.0,9,2,0.5,0.5714285714285714,0.5,0.5128205128205128,0.8160037878787879,3,3,4,4
pathway_aware_structured,1.0,9,3,0.6428571428571429,0.8,0.5,0.5405405405405406,0.8123397435897436,5,1,4,4
pathway_aware_structured,1.0,9,4,0.6428571428571429,0.7142857142857143,0.625,0.6410256410256411,0.8172619047619047,4,2,3,5
pathway_aware_structured,1.0,9,5,0.42857142857142855,0.5,0.25,0.2777777777777778,0.6829184704184704,4,2,6,2
pathway_aware_structured,1.0,10,1,0.5714285714285714,0.625,0.625,0.625,0.7517857142857143,3,3,3,5
pathway_aware_structured,1.0,10,2,0.5714285714285714,0.625,0.625,0.625,0.8498397435897436,3,3,3,5
pathway_aware_structured,1.0,10,3,0.5,0.5714285714285714,0.5,0.5128205128205128,0.7624660062160062,3,3,4,4
pathway_aware_structured,1.0,10,4,0.7857142857142857,1.0,0.625,0.6756756756756757,0.928409090909091,6,0,3,5
pathway_aware_structured,1.0,10,5,0.5714285714285714,0.6666666666666666,0.5,0.5263157894736842,0.7513625263625263,4,2,4,4
transformer_plus_pathway,0.1,1,1,0.7142857142857143,0.75,0.75,0.75,0.8373397435897436,4,2,2,6
transformer_plus_pathway,0.1,1,2,0.6428571428571429,0.7142857142857143,0.625,0.6410256410256411,0.7912087912087913,4,2,3,5
transformer_plus_pathway,0.1,1,3,0.6428571428571429,0.7142857142857143,0.625,0.6410256410256411,0.7912087912087913,4,2,3,5
transformer_plus_pathway,0.1,1,4,0.7142857142857143,0.7,0.875,0.8333333333333334,0.8258928571428571,3,3,1,7
transformer_plus_pathway,0.1,1,5,0.5,0.5555555555555556,0.625,0.6097560975609756,0.7391684704184704,2,4,3,5
transformer_plus_pathway,0.1,2,1,0.42857142857142855,0.5,0.25,0.2777777777777778,0.7224587912087912,4,2,6,2
transformer_plus_pathway,0.1,2,2,0.5,0.5714285714285714,0.5,0.5128205128205128,0.7696314102564102,3,3,4,4
transformer_plus_pathway,0.1,2,3,1.0,1.0,1.0,1.0,1.0,6,0,0,8
transformer_plus_pathway,0.1,2,4,0.7857142857142857,0.7777777777777778,0.875,0.8536585365853658,0.8976076007326008,4,2,1,7
transformer_plus_pathway,0.1,2,5,0.5,0.5555555555555556,0.625,0.6097560975609756,0.6603375790875791,2,4,3,5
transformer_plus_pathway,0.1,3,1,0.5,0.6,0.375,0.40540540540540543,0.7923430735930737,4,2,5,3
transformer_plus_pathway,0.1,3,2,0.6428571428571429,0.7142857142857143,0.625,0.6410256410256411,0.7593614718614718,4,2,3,5
transformer_plus_pathway,0.1,3,3,0.7142857142857143,0.8333333333333334,0.625,0.6578947368421053,0.9085317460317461,5,1,3,5
transformer_plus_pathway,0.1,3,4,0.7142857142857143,0.75,0.75,0.75,0.7820436507936509,4,2,2,6
transformer_plus_pathway,0.1,3,5,0.7142857142857143,0.7,0.875,0.8333333333333334,0.9659090909090909,3,3,1,7
transformer_plus_pathway,0.1,4,1,0.5,0.5714285714285714,0.5,0.5128205128205128,0.6270156926406927,3,3,4,4
transformer_plus_pathway,0.1,4,2,0.5714285714285714,0.625,0.625,0.625,0.7760416666666666,3,3,3,5
transformer_plus_pathway,0.1,4,3,0.5,0.5555555555555556,0.625,0.6097560975609756,0.816693722943723,2,4,3,5
transformer_plus_pathway,0.1,4,4,0.7142857142857143,0.75,0.75,0.75,0.9305555555555556,4,2,2,6
transformer_plus_pathway,0.1,4,5,0.7857142857142857,0.8571428571428571,0.75,0.7692307692307693,0.9085317460317461,5,1,2,6
transformer_plus_pathway,0.1,5,1,0.7142857142857143,0.7,0.875,0.8333333333333334,0.8194826007326007,3,3,1,7
transformer_plus_pathway,0.1,5,2,0.7857142857142857,0.8571428571428571,0.75,0.7692307692307693,0.8886113886113887,5,1,2,6
transformer_plus_pathway,0.1,5,3,0.7857142857142857,0.7777777777777778,0.875,0.8536585365853658,0.9085317460317461,4,2,1,7
transformer_plus_pathway,0.1,5,4,0.5714285714285714,0.6666666666666666,0.5,0.5263157894736842,0.6228375790875791,4,2,4,4
transformer_plus_pathway,0.1,5,5,0.6428571428571429,0.7142857142857143,0.625,0.6410256410256411,0.86875,4,2,3,5
transformer_plus_pathway,0.1,6,1,0.5714285714285714,0.75,0.375,0.4166666666666667,0.746861471861472,5,1,5,3
transformer_plus_pathway,0.1,6,2,0.7142857142857143,0.8333333333333334,0.625,0.6578947368421053,0.8726076007326008,5,1,3,5
transformer_plus_pathway,0.1,6,3,0.5714285714285714,0.6666666666666666,0.5,0.5263157894736842,0.7354978354978354,4,2,4,4
transformer_plus_pathway,0.1,6,4,0.7857142857142857,0.7777777777777778,0.875,0.8536585365853658,0.975,4,2,1,7
transformer_plus_pathway,0.1,6,5,0.6428571428571429,0.8,0.5,0.5405405405405406,0.8271645021645022,5,1,4,4
transformer_plus_pathway,0.1,7,1,0.7142857142857143,0.7,0.875,0.8333333333333334,0.7857142857142857,3,3,1,7
transformer_plus_pathway,0.1,7,2,0.7857142857142857,0.7777777777777778,0.875,0.8536585365853658,0.9159722222222222,4,2,1,7
transformer_plus_pathway,0.1,7,3,0.6428571428571429,1.0,0.375,0.42857142857142855,0.8564685314685314,6,0,5,3
transformer_plus_pathway,0.1,7,4,0.6428571428571429,0.6666666666666666,0.75,0.7317073170731707,0.7423430735930736,3,3,2,6
transformer_plus_pathway,0.1,7,5,0.5,0.5714285714285714,0.5,0.5128205128205128,0.7529647435897435,3,3,4,4
transformer_plus_pathway,0.1,8,1,0.6428571428571429,0.6666666666666666,0.75,0.7317073170731707,0.7453754578754579,3,3,2,6
transformer_plus_pathway,0.1,8,2,0.6428571428571429,0.7142857142857143,0.625,0.6410256410256411,0.8720619658119658,4,2,3,5
transformer_plus_pathway,0.1,8,3,0.7142857142857143,0.8333333333333334,0.625,0.6578947368421053,0.8821428571428571,5,1,3,5
transformer_plus_pathway,0.1,8,4,0.5714285714285714,0.6,0.75,0.7142857142857143,0.8112980769230769,2,4,2,6
transformer_plus_pathway,0.1,8,5,0.5714285714285714,0.625,0.625,0.625,0.8253787878787879,3,3,3,5
transformer_plus_pathway,0.1,9,1,0.8571428571428571,0.875,0.875,0.875,0.8865936147186148,5,1,1,7
transformer_plus_pathway,0.1,9,2,0.6428571428571429,0.6666666666666666,0.75,0.7317073170731707,0.8238906926406927,3,3,2,6
transformer_plus_pathway,0.1,9,3,0.7142857142857143,0.7,0.875,0.8333333333333334,0.8197781385281386,3,3,1,7
transformer_plus_pathway,0.1,9,4,0.7857142857142857,1.0,0.625,0.6756756756756757,0.9526289682539683,6,0,3,5
transformer_plus_pathway,0.1,9,5,0.6428571428571429,0.7142857142857143,0.625,0.6410256410256411,0.7810897435897436,4,2,3,5
transformer_plus_pathway,0.1,10,1,0.7142857142857143,0.75,0.75,0.75,0.8356150793650794,4,2,2,6
transformer_plus_pathway,0.1,10,2,0.6428571428571429,0.7142857142857143,0.625,0.6410256410256411,0.8763257575757576,4,2,3,5
transformer_plus_pathway,0.1,10,3,0.7142857142857143,0.6666666666666666,1.0,0.9090909090909091,0.8061011904761906,2,4,0,8
transformer_plus_pathway,0.1,10,4,0.6428571428571429,0.6666666666666666,0.75,0.7317073170731707,0.9144230769230769,3,3,2,6
transformer_plus_pathway,0.1,10,5,0.6428571428571429,0.8,0.5,0.5405405405405406,0.8474587912087912,5,1,4,4
