representation,repeat,fold,n,accuracy,precision,recall,f2,pr_auc,tn,fp,fn,tp
transformer_only,1,1,14,0.7142857142857143,0.7,0.875,0.8333333333333334,0.6654647435897436,3,3,1,7
transformer_only,1,2,14,0.5,0.5714285714285714,0.5,0.5128205128205128,0.6554268648018649,3,3,4,4
transformer_only,1,3,14,0.6428571428571429,0.7142857142857143,0.625,0.6410256410256411,0.8021645021645022,4,2,3,5
transformer_only,1,4,14,0.7142857142857143,0.7,0.875,0.8333333333333334,0.7752976190476191,3,3,1,7
transformer_only,1,5,14,0.5,0.5555555555555556,0.625,0.6097560975609756,0.6186889499389499,2,4,3,5
transformer_only,2,1,14,0.5,0.6,0.375,0.40540540540540543,0.6938311688311688,4,2,5,3
transformer_only,2,2,14,0.42857142857142855,0.5,0.5,0.5,0.7249660062160063,2,4,4,4
transformer_only,2,3,14,0.7857142857142857,0.7777777777777778,0.875,0.8536585365853658,0.9472222222222222,4,2,1,7
transformer_only,2,4,14,0.7142857142857143,0.7,0.875,0.8333333333333334,0.7872023809523809,3,3,1,7
transformer_only,2,5,14,0.5,0.5555555555555556,0.625,0.6097560975609756,0.6938311688311688,2,4,3,5
transformer_only,3,1,14,0.5714285714285714,0.6666666666666666,0.5,0.5263157894736842,0.7985930735930736,4,2,4,4
transformer_only,3,2,14,0.5714285714285714,0.625,0.625,0.625,0.7252840909090909,3,3,3,5
transformer_only,3,3,14,0.6428571428571429,0.8,0.5,0.5405405405405406,0.8720619658119658,5,1,4,4
transformer_only,3,4,14,0.5714285714285714,0.6,0.75,0.7142857142857143,0.732224025974026,2,4,2,6
transformer_only,3,5,14,0.7142857142857143,0.7,0.875,0.8333333333333334,0.8614448051948053,3,3,1,7
transformer_only,4,1,14,0.5714285714285714,0.6666666666666666,0.5,0.5263157894736842,0.740625,4,2,4,4
transformer_only,4,2,14,0.5714285714285714,0.625,0.625,0.625,0.6598099816849817,3,3,3,5
transformer_only,4,3,14,0.42857142857142855,0.5,0.625,0.5952380952380952,0.8073072760572761,1,5,3,5
transformer_only,4,4,14,0.6428571428571429,0.7142857142857143,0.625,0.6410256410256411,0.8701388888888889,4,2,3,5
transformer_only,4,5,14,0.7142857142857143,0.8333333333333334,0.625,0.6578947368421053,0.7589285714285715,5,1,3,5
transformer_only,5,1,14,0.5714285714285714,0.5833333333333334,0.875,0.7954545454545454,0.7662087912087913,1,5,1,7
transformer_only,5,2,14,0.6428571428571429,0.6666666666666666,0.75,0.7317073170731707,0.8328754578754579,3,3,2,6
transformer_only,5,3,14,0.7857142857142857,0.7777777777777778,0.875,0.8536585365853658,0.7795003607503608,4,2,1,7
transformer_only,5,4,14,0.5714285714285714,0.6666666666666666,0.5,0.5263157894736842,0.6370421245421245,4,2,4,4
transformer_only,5,5,14,0.7142857142857143,0.75,0.75,0.75,0.8197781385281386,4,2,2,6
transformer_only,6,1,14,0.5714285714285714,0.75,0.375,0.4166666666666667,0.697849025974026,5,1,5,3
transformer_only,6,2,14,0.7142857142857143,0.8333333333333334,0.625,0.6578947368421053,0.8571428571428571,5,1,3,5
transformer_only,6,3,14,0.6428571428571429,0.7142857142857143,0.625,0.6410256410256411,0.6104978354978354,4,2,3,5
transformer_only,6,4,14,0.7142857142857143,0.7,0.875,0.8333333333333334,0.9115936147186148,3,3,1,7
transformer_only,6,5,14,0.6428571428571429,0.8,0.5,0.5405405405405406,0.7597537878787879,5,1,4,4
transformer_only,7,1,14,0.5714285714285714,0.625,0.625,0.625,0.6327266483516484,3,3,3,5
transformer_only,7,2,14,0.8571428571428571,0.8,1.0,0.9523809523809523,0.8073412698412699,4,2,0,8
transformer_only,7,3,14,0.6428571428571429,1.0,0.375,0.42857142857142855,0.8189685314685314,6,0,5,3
transformer_only,7,4,14,0.5714285714285714,0.625,0.625,0.625,0.6836309523809524,3,3,3,5
transformer_only,7,5,14,0.5714285714285714,0.625,0.625,0.625,0.648798076923077,3,3,3,5
transformer_only,8,1,14,0.5714285714285714,0.6,0.75,0.7142857142857143,0.6582656926406927,2,4,2,6
transformer_only,8,2,14,0.6428571428571429,0.7142857142857143,0.625,0.6410256410256411,0.84375,4,2,3,5
transformer_only,8,3,14,0.7142857142857143,0.8333333333333334,0.625,0.6578947368421053,0.8409090909090909,5,1,3,5
transformer_only,8,4,14,0.5,0.5555555555555556,0.625,0.6097560975609756,0.699393315018315,2,4,3,5
transformer_only,8,5,14,0.5,0.5555555555555556,0.625,0.6097560975609756,0.7279963092463092,2,4,3,5
transformer_only,9,1,14,0.7857142857142857,0.8571428571428571,0.75,0.7692307692307693,0.7390241702741703,5,1,2,6
transformer_only,9,2,14,0.5,0.5555555555555556,0.625,0.6097560975609756,0.7656520562770562,2,4,3,5
transformer_only,9,3,14,0.5714285714285714,0.6,0.75,0.7142857142857143,0.7938311688311688,2,4,2,6
transformer_only,9,4,14,0.7142857142857143,0.8333333333333334,0.625,0.6578947368421053,0.906795634920635,5,1,3,5
transformer_only,9,5,14,0.42857142857142855,0.5,0.5,0.5,0.7457993395493396,2,4,4,4
transformer_only,10,1,14,0.6428571428571429,0.7142857142857143,0.625,0.6410256410256411,0.6688311688311689,4,2,3,5
transformer_only,10,2,14,0.6428571428571429,0.7142857142857143,0.625,0.6410256410256411,0.6906114718614719,4,2,3,5
transformer_only,10,3,14,0.7142857142857143,0.6666666666666666,1.0,0.9090909090909091,0.6582656926406927,2,4,0,8
transformer_only,10,4,14,0.6428571428571429,0.6363636363636364,0.875,0.813953488372093,0.8017857142857143,2,4,1,7
transformer_only,10,5,14,0.5714285714285714,0.625,0.625,0.625,0.7842147435897435,3,3,3,5
precursor_structured_only,1,1,14,0.5,0.5555555555555556,0.625,0.6097560975609756,0.8021645021645022,2,4,3,5
precursor_structured_only,1,2,14,0.6428571428571429,0.7142857142857143,0.625,0.6410256410256411,0.7898809523809525,4,2,3,5
precursor_structured_only,1,3,14,0.42857142857142855,0.5,0.375,0.39473684210526316,0.5862959956709958,3,3,5,3
precursor_structured_only,1,4,14,0.6428571428571429,0.7142857142857143,0.625,0.6410256410256411,0.7857142857142857,4,2,3,5
precursor_structured_only,1,5,14,0.35714285714285715,0.4444444444444444,0.5,0.4878048780487805,0.6604437229437229,1,5,4,4
precursor_structured_only,2,1,14,0.42857142857142855,0.5,0.25,0.2777777777777778,0.5713609307359307,4,2,6,2
precursor_structured_only,2,2,14,0.6428571428571429,1.0,0.375,0.42857142857142855,0.8874007936507936,6,0,5,3
precursor_structured_only,2,3,14,0.8571428571428571,1.0,0.75,0.7894736842105263,0.9308035714285714,6,0,2,6
precursor_structured_only,2,4,14,0.7142857142857143,0.7,0.875,0.8333333333333334,0.9381313131313131,3,3,1,7
precursor_structured_only,2,5,14,0.6428571428571429,0.7142857142857143,0.625,0.6410256410256411,0.7906746031746031,4,2,3,5
precursor_structured_only,3,1,14,0.6428571428571429,1.0,0.375,0.42857142857142855,0.6886100011100011,6,0,5,3
precursor_structured_only,3,2,14,0.5714285714285714,0.625,0.625,0.625,0.6806433150183151,3,3,3,5
precursor_structured_only,3,3,14,0.6428571428571429,0.8,0.5,0.5405405405405406,0.7881313131313132,5,1,4,4
precursor_structured_only,3,4,14,0.5714285714285714,0.6666666666666666,0.5,0.5263157894736842,0.8148674242424242,4,2,4,4
precursor_structured_only,3,5,14,0.7142857142857143,0.75,0.75,0.75,0.9293650793650794,4,2,2,6
precursor_structured_only,4,1,14,0.5714285714285714,0.625,0.625,0.625,0.601663961038961,3,3,3,5
precursor_structured_only,4,2,14,0.6428571428571429,0.8,0.5,0.5405405405405406,0.8060897435897436,5,1,4,4
precursor_structured_only,4,3,14,0.6428571428571429,0.6666666666666666,0.75,0.7317073170731707,0.752129120879121,3,3,2,6
precursor_structured_only,4,4,14,0.5714285714285714,0.625,0.625,0.625,0.6551948051948052,3,3,3,5
precursor_structured_only,4,5,14,0.6428571428571429,0.6666666666666666,0.75,0.7317073170731707,0.9208333333333334,3,3,2,6
precursor_structured_only,5,1,14,0.5,0.5714285714285714,0.5,0.5128205128205128,0.747470238095238,3,3,4,4
precursor_structured_only,5,2,14,0.7857142857142857,0.8571428571428571,0.75,0.7692307692307693,0.8757326007326007,5,1,2,6
precursor_structured_only,5,3,14,0.5,0.5454545454545454,0.75,0.6976744186046512,0.7613553113553113,1,5,2,6
precursor_structured_only,5,4,14,0.5,0.5714285714285714,0.5,0.5128205128205128,0.5874323593073594,3,3,4,4
precursor_structured_only,5,5,14,0.5714285714285714,0.75,0.375,0.4166666666666667,0.8477678571428572,5,1,5,3
precursor_structured_only,6,1,14,0.5714285714285714,0.6666666666666666,0.5,0.5263157894736842,0.7745421245421246,4,2,4,4
precursor_structured_only,6,2,14,0.6428571428571429,0.7142857142857143,0.625,0.6410256410256411,0.7635281385281386,4,2,3,5
precursor_structured_only,6,3,14,0.2857142857142857,0.3333333333333333,0.25,0.2631578947368421,0.6198232323232322,2,4,6,2
precursor_structured_only,6,4,14,0.5,0.5555555555555556,0.625,0.6097560975609756,0.8054029304029304,2,4,3,5
precursor_structured_only,6,5,14,0.7857142857142857,0.8571428571428571,0.75,0.7692307692307693,0.799404761904762,5,1,2,6
precursor_structured_only,7,1,14,0.6428571428571429,0.6153846153846154,1.0,0.8888888888888888,0.8835317460317461,1,5,0,8
precursor_structured_only,7,2,14,0.5,0.6,0.375,0.40540540540540543,0.7124323593073594,4,2,5,3
precursor_structured_only,7,3,14,0.6428571428571429,0.8,0.5,0.5405405405405406,0.7760416666666666,5,1,4,4
precursor_structured_only,7,4,14,0.6428571428571429,0.8,0.5,0.5405405405405406,0.8552579365079366,5,1,4,4
precursor_structured_only,7,5,14,0.42857142857142855,0.5,0.625,0.5952380952380952,0.5963945776445776,1,5,3,5
precursor_structured_only,8,1,14,0.5714285714285714,0.6666666666666666,0.5,0.5263157894736842,0.725297619047619,4,2,4,4
precursor_structured_only,8,2,14,0.35714285714285715,0.4,0.25,0.2702702702702703,0.49925213675213675,3,3,6,2
precursor_structured_only,8,3,14,0.7142857142857143,0.8333333333333334,0.625,0.6578947368421053,0.8452380952380952,5,1,3,5
precursor_structured_only,8,4,14,0.7142857142857143,0.8333333333333334,0.625,0.6578947368421053,0.9202741702741702,5,1,3,5
precursor_structured_only,8,5,14,0.6428571428571429,0.7142857142857143,0.625,0.6410256410256411,0.7823072760572761,4,2,3,5
precursor_structured_only,9,1,14,0.5714285714285714,0.625,0.625,0.625,0.8093614718614719,3,3,3,5
precursor_structured_only,9,2,14,0.6428571428571429,0.6666666666666666,0.75,0.7317073170731707,0.8328754578754579,3,3,2,6
precursor_structured_only,9,3,14,0.7857142857142857,0.8571428571428571,0.75,0.7692307692307693,0.8334686147186148,5,1,2,6
precursor_structured_only,9,4,14,0.6428571428571429,0.8,0.5,0.5405405405405406,0.8419642857142857,5,1,4,4
precursor_structured_only,9,5,14,0.42857142857142855,0.5,0.25,0.2777777777777778,0.6793470418470419,4,2,6,2
precursor_structured_only,10,1,14,0.5,0.5714285714285714,0.5,0.5128205128205128,0.6612959956709957,3,3,4,4
precursor_structured_only,10,2,14,0.7142857142857143,0.75,0.75,0.75,0.8422619047619048,4,2,2,6
precursor_structured_only,10,3,14,0.6428571428571429,0.7142857142857143,0.625,0.6410256410256411,0.7542478354978355,4,2,3,5
precursor_structured_only,10,4,14,0.7142857142857143,1.0,0.5,0.5555555555555556,0.9415178571428572,6,0,4,4
precursor_structured_only,10,5,14,0.5714285714285714,0.6666666666666666,0.5,0.5263157894736842,0.7580544455544456,4,2,4,4
transformer_plus_precursor,1,1,14,0.7142857142857143,0.75,0.75,0.75,0.8009310134310135,4,2,2,6
transformer_plus_precursor,1,2,14,0.6428571428571429,0.7142857142857143,0.625,0.6410256410256411,0.7037087912087913,4,2,3,5
transformer_plus_precursor,1,3,14,0.6428571428571429,0.7142857142857143,0.625,0.6410256410256411,0.7729978354978355,4,2,3,5
transformer_plus_precursor,1,4,14,0.7142857142857143,0.7,0.875,0.8333333333333334,0.7723214285714286,3,3,1,7
transformer_plus_precursor,1,5,14,0.5,0.5555555555555556,0.625,0.6097560975609756,0.7225018037518037,2,4,3,5
transformer_plus_precursor,2,1,14,0.42857142857142855,0.5,0.25,0.2777777777777778,0.7156565656565657,4,2,6,2
transformer_plus_precursor,2,2,14,0.42857142857142855,0.5,0.375,0.39473684210526316,0.7425751332001332,3,3,5,3
transformer_plus_precursor,2,3,14,0.9285714285714286,0.8888888888888888,1.0,0.975609756097561,1.0,5,1,0,8
transformer_plus_precursor,2,4,14,0.7142857142857143,0.7,0.875,0.8333333333333334,0.8413576007326008,3,3,1,7
transformer_plus_precursor,2,5,14,0.5,0.5555555555555556,0.625,0.6097560975609756,0.7125811688311688,2,4,3,5
transformer_plus_precursor,3,1,14,0.5,0.6,0.375,0.40540540540540543,0.7423430735930736,4,2,5,3
transformer_plus_precursor,3,2,14,0.6428571428571429,0.7142857142857143,0.625,0.6410256410256411,0.7176948051948052,4,2,3,5
transformer_plus_precursor,3,3,14,0.7142857142857143,0.8333333333333334,0.625,0.6578947368421053,0.8951388888888889,5,1,3,5
transformer_plus_precursor,3,4,14,0.7142857142857143,0.7,0.875,0.8333333333333334,0.7820436507936509,3,3,1,7
transformer_plus_precursor,3,5,14,0.7142857142857143,0.7,0.875,0.8333333333333334,0.9381313131313131,3,3,1,7
transformer_plus_precursor,4,1,14,0.5714285714285714,0.625,0.625,0.625,0.6285037878787879,3,3,3,5
transformer_plus_precursor,4,2,14,0.5714285714285714,0.625,0.625,0.625,0.7696314102564102,3,3,3,5
transformer_plus_precursor,4,3,14,0.5,0.5555555555555556,0.625,0.6097560975609756,0.8018127705627706,2,4,3,5
transformer_plus_precursor,4,4,14,0.7142857142857143,0.75,0.75,0.75,0.9159722222222222,4,2,2,6
transformer_plus_precursor,4,5,14,0.7142857142857143,0.8333333333333334,0.625,0.6578947368421053,0.8222222222222222,5,1,3,5
transformer_plus_precursor,5,1,14,0.7142857142857143,0.7,0.875,0.8333333333333334,0.7807921245421245,3,3,1,7
transformer_plus_precursor,5,2,14,0.7142857142857143,0.75,0.75,0.75,0.8611492673992674,4,2,2,6
transformer_plus_precursor,5,3,14,0.7857142857142857,0.7777777777777778,0.875,0.8536585365853658,0.8240079365079366,4,2,1,7
transformer_plus_precursor,5,4,14,0.5,0.6,0.375,0.40540540540540543,0.7061709124209125,4,2,5,3
transformer_plus_precursor,5,5,14,0.6428571428571429,0.7142857142857143,0.625,0.6410256410256411,0.8461670274170274,4,2,3,5
transformer_plus_precursor,6,1,14,0.5,0.6666666666666666,0.25,0.2857142857142857,0.7133793290043291,5,1,6,2
transformer_plus_precursor,6,2,14,0.7142857142857143,0.8333333333333334,0.625,0.6578947368421053,0.8726076007326008,5,1,3,5
transformer_plus_precursor,6,3,14,0.5714285714285714,0.6666666666666666,0.5,0.5263157894736842,0.7542478354978355,4,2,4,4
transformer_plus_precursor,6,4,14,0.7857142857142857,0.7777777777777778,0.875,0.8536585365853658,0.9659090909090909,4,2,1,7
transformer_plus_precursor,6,5,14,0.6428571428571429,0.8,0.5,0.5405405405405406,0.8021645021645022,5,1,4,4
transformer_plus_precursor,7,1,14,0.7142857142857143,0.7,0.875,0.8333333333333334,0.7696314102564102,3,3,1,7
transformer_plus_precursor,7,2,14,0.6428571428571429,0.7142857142857143,0.625,0.6410256410256411,0.9159722222222222,4,2,3,5
transformer_plus_precursor,7,3,14,0.7142857142857143,1.0,0.5,0.5555555555555556,0.8741883116883117,6,0,4,4
transformer_plus_precursor,7,4,14,0.5714285714285714,0.625,0.625,0.625,0.7141369047619047,3,3,3,5
transformer_plus_precursor,7,5,14,0.5,0.5714285714285714,0.5,0.5128205128205128,0.7077266483516484,3,3,4,4
transformer_plus_precursor,8,1,14,0.5714285714285714,0.625,0.625,0.625,0.6499323593073594,3,3,3,5
transformer_plus_precursor,8,2,14,0.6428571428571429,0.7142857142857143,0.625,0.6410256410256411,0.8635912698412698,4,2,3,5
transformer_plus_precursor,8,3,14,0.6428571428571429,0.8,0.5,0.5405405405405406,0.8821428571428571,5,1,4,4
transformer_plus_precursor,8,4,14,0.5714285714285714,0.6,0.75,0.7142857142857143,0.8112980769230769,2,4,2,6
transformer_plus_precursor,8,5,14,0.5714285714285714,0.625,0.625,0.625,0.7478375790875791,3,3,3,5
transformer_plus_precursor,9,1,14,0.7857142857142857,0.8571428571428571,0.75,0.7692307692307693,0.8338789682539683,5,1,2,6
transformer_plus_precursor,9,2,14,0.5,0.5555555555555556,0.625,0.6097560975609756,0.8301406926406927,2,4,3,5
transformer_plus_precursor,9,3,14,0.7857142857142857,0.7272727272727273,1.0,0.9302325581395349,0.8093614718614719,3,3,0,8
transformer_plus_precursor,9,4,14,0.7142857142857143,0.8333333333333334,0.625,0.6578947368421053,0.9415178571428572,5,1,3,5
transformer_plus_precursor,9,5,14,0.5,0.5714285714285714,0.5,0.5128205128205128,0.7526175213675214,3,3,4,4
transformer_plus_precursor,10,1,14,0.7142857142857143,0.75,0.75,0.75,0.843190836940837,4,2,2,6
transformer_plus_precursor,10,2,14,0.6428571428571429,0.7142857142857143,0.625,0.6410256410256411,0.7679924242424243,4,2,3,5
transformer_plus_precursor,10,3,14,0.6428571428571429,0.6363636363636364,0.875,0.813953488372093,0.7094065656565657,2,4,1,7
transformer_plus_precursor,10,4,14,0.6428571428571429,0.6666666666666666,0.75,0.7317073170731707,0.9029761904761904,3,3,2,6
transformer_plus_precursor,10,5,14,0.5,0.5714285714285714,0.5,0.5128205128205128,0.8008814102564102,3,3,4,4
